id,fixtime,latitude,longitude,altitude,speed,course,accuracy,speedx,speedy,newspeedx,newspeedy
581000,28-09-20 19:48,54.907135,11.8750416,22,35.637162,11,0,12.81830493,34.98240696,0.0001616,5.5E-05
581001,28-09-20 19:48,54.9072966,11.8750966,22,35.097205,11,0,12.64923749,34.45237049,0.0001616,5.5E-05
581002,28-09-20 19:48,54.9074549,11.8751566,22,34.557248,12,0,12.47904665,33.80208922,0.0001583,6E-05
581003,28-09-20 19:48,54.9076133,11.8752183,22,34.017291,14,0,12.30774752,33.00683208,0.0001584,6.17E-05
581004,28-09-20 19:48,54.9077716,11.8752816,21,34.017291,14,0,11.74830445,33.00683208,0.0001583,6.33E-05
581005,28-09-20 19:48,54.9079249,11.8753483,21,33.477334,16,0,11.58374826,32.18047886,0.0001533,6.67E-05
581006,28-09-20 19:48,54.9080766,11.8754149,22,33.477334,15,0,12.13535532,32.33662151,0.0001517,6.66E-05
581007,28-09-20 19:48,54.9082283,11.8754716,25,34.557248,14,0,14.18073482,33.53075005,0.0001517,5.67E-05
581008,28-09-20 19:48,54.90838,11.8755366,26,34.017291,14,0,14.54551979,33.00683208,0.0001517,6.5E-05
581009,28-09-20 19:48,54.908535,11.8755966,27,34.017291,14,0,15.10496286,33.00683208,0.000155,6E-05
581010,28-09-20 19:48,54.9086816,11.8756616,26,33.477334,13,0,14.34178356,32.6193121,0.0001466,6.5E-05
581011,28-09-20 19:48,54.9088283,11.8757216,25,33.477334,12,0,13.7901765,32.74577393,0.0001467,6E-05
581012,28-09-20 19:48,54.9089733,11.8757783,25,32.937377,11,0,13.59305154,32.33222461,0.000145,5.67E-05
581013,28-09-20 19:48,54.9091216,11.87583,25,32.39742,10,0,13.39471937,31.90523039,0.0001483,5.17E-05
581014,28-09-20 19:48,54.9092699,11.875875,25,32.39742,9,0,13.39471937,31.998554,0.0001483,4.5E-05
581015,28-09-20 19:48,54.9094216,11.875915,25,33.477334,8,0,13.7901765,33.15153489,0.0001517,4E-05
581016,28-09-20 19:48,54.9095783,11.87595,25,34.557248,7,0,14.18073482,34.29966351,0.0001567,3.5E-05
581017,28-09-20 19:48,54.9097399,11.87598,25,35.097205,6,0,14.37413351,34.90493884,0.0001616,3E-05
581018,28-09-20 19:48,54.9099016,11.876005,25,34.557248,5,0,14.18073482,34.42574724,0.0001617,2.5E-05
581019,28-09-20 19:48,54.9100616,11.8760266,25,34.017291,5,0,13.98607673,33.88784494,0.00016,2.16E-05
581020,28-09-20 19:48,54.9102183,11.876045,25,33.477334,4,0,13.7901765,33.3957849,0.0001567,1.84E-05
581021,28-09-20 19:48,54.9102183,11.876045,25,33.477334,4,0,13.7901765,33.3957849,0,0
581022,28-09-20 19:48,54.910525,11.8760783,26,31.317506,3,0,13.51428407,31.27458645,0.0003067,3.33E-05
581023,28-09-20 19:48,54.910525,11.8760783,26,31.317506,3,0,13.51428407,31.27458645,0,0
581024,28-09-20 19:48,54.9108016,11.8760983,26,27.537807,2,0,12.02067913,27.52103171,0.0002766,2E-05
581025,28-09-20 19:48,54.9109216,11.87611,26,24.298065,2,0,10.69857304,24.28326328,0.00012,1.17E-05
581026,28-09-20 19:48,54.911025,11.8761166,26,20.518366,2,0,9.113197883,20.50586677,0.0001034,6.6E-06
581027,28-09-20 19:48,54.9111183,11.8761216,26,18.898495,358,0,8.421206744,18.88698255,9.33E-05,5E-06
581028,28-09-20 19:48,54.9111916,11.8760966,26,16.19871,344,0,7.253206615,15.57119945,7.33E-05,-2.5E-05
581029,28-09-20 19:48,54.911235,11.8760383,25,13.498925,319,0,5.835677998,10.18776802,4.34E-05,-5.83E-05
581030,28-09-20 19:49,54.9112533,11.875945,25,14.578839,297,0,6.292798447,6.618654403,1.83E-05,-9.33E-05
581031,28-09-20 19:49,54.9112533,11.875945,25,14.578839,297,0,6.292798447,6.618654403,0,0
581032,28-09-20 19:49,54.9112933,11.8756983,25,16.738667,290,0,7.200171416,5.724961286,4E-05,-0.0002467
581033,28-09-20 19:49,54.91132,11.8755616,25,17.818581,290,0,7.650101602,6.094313627,2.67E-05,-0.0001367
581034,28-09-20 19:49,54.9113466,11.8754233,25,18.898495,292,0,8.097314177,7.079500833,2.66E-05,-0.0001383
581035,28-09-20 19:49,54.91138,11.8752783,25,19.978409,292,0,8.541650272,7.484043737,3.34E-05,-0.000145
581036,28-09-20 19:49,54.9114166,11.8751249,24,21.058323,293,0,8.623633961,8.22814231,3.66E-05,-0.0001534
581037,28-09-20 19:49,54.9114516,11.874965,24,21.59828,292,0,8.834319383,8.090858094,3.5E-05,-0.0001599
581038,28-09-20 19:49,54.91149,11.8747983,24,22.138237,291,0,9.044220213,7.9336346,3.84E-05,-0.0001667
581039,28-09-20 19:49,54.911525,11.87463,25,22.678194,291,0,9.638872721,8.127137883,3.5E-05,-0.0001683
581040,28-09-20 19:49,54.9115633,11.8744583,25,22.678194,292,0,9.638872721,8.495400999,3.83E-05,-0.0001717
581041,28-09-20 19:49,54.9115633,11.8744583,25,22.678194,292,0,9.638872721,8.495400999,0,0
581042,28-09-20 19:49,54.9116349,11.8741183,24,23.218151,291,0,9.461593609,8.320641166,7.16E-05,-0.00034
581043,28-09-20 19:49,54.911675,11.8739416,24,23.758108,292,0,9.669029106,8.899943904,4.01E-05,-0.0001767
581044,28-09-20 19:49,54.9117166,11.8737583,24,24.838022,292,0,10.08130559,9.304486809,4.16E-05,-0.0001833
581045,28-09-20 19:49,54.911765,11.8735699,24,25.377979,294,0,10.28610995,10.32215399,4.84E-05,-0.0001884
581046,28-09-20 19:49,54.911765,11.8735699,24,25.377979,294,0,10.28610995,10.32215399,0,0
581047,28-09-20 19:49,54.9118133,11.8733816,24,24.298065,291,0,9.87560588,8.707647732,4.83E-05,-0.0001883
581048,28-09-20 19:49,54.9118599,11.8731883,24,25.917936,290,0,10.4900008,8.864456185,4.66E-05,-0.0001933
581049,28-09-20 19:49,54.9119133,11.8729766,24,27.537807,293,0,11.0960115,10.75987841,5.34E-05,-0.0002117
581050,28-09-20 19:49,54.9119133,11.8729766,24,27.537807,293,0,11.0960115,10.75987841,0,0
581051,28-09-20 19:49,54.911965,11.8727633,25,27.537807,292,0,11.55834532,10.31584407,5.17E-05,-0.0002133
581052,28-09-20 19:49,54.911965,11.8727633,25,27.537807,292,0,11.55834532,10.31584407,0,0
581053,28-09-20 19:49,54.9120733,11.8723216,25,29.697635,292,0,12.38557034,11.12492988,0.0001083,-0.0004417
581054,28-09-20 19:49,54.9120733,11.8723216,25,29.697635,292,0,12.38557034,11.12492988,0,0
581055,28-09-20 19:49,54.9121283,11.8720966,26,29.157678,291,0,12.66758311,10.44917728,5.5E-05,-0.000225
581056,28-09-20 19:49,54.9121783,11.8718766,26,29.157678,291,0,12.66758311,10.44917728,5E-05,-0.00022
581057,28-09-20 19:49,54.9121783,11.8718766,26,29.157678,291,0,12.66758311,10.44917728,0,0
581058,28-09-20 19:49,54.9122316,11.8716549,26,29.157678,291,0,12.66758311,10.44917728,5.33E-05,-0.0002217
581059,28-09-20 19:49,54.9122816,11.87143,26,29.157678,291,0,12.66758311,10.44917728,5E-05,-0.0002249
581060,28-09-20 19:49,54.9122816,11.87143,26,29.157678,291,0,12.66758311,10.44917728,0,0
581061,28-09-20 19:49,54.9122816,11.87143,26,29.157678,291,0,12.66758311,10.44917728,0,0
581062,28-09-20 19:49,54.9123783,11.8709716,26,30.237592,289,0,13.09325921,9.844397023,9.67E-05,-0.0004584
581063,28-09-20 19:49,54.912425,11.8707333,26,30.777549,287,0,13.30436243,8.998484468,4.67E-05,-0.0002383
581064,28-09-20 19:49,54.912425,11.8707333,26,30.777549,287,0,13.30436243,8.998484468,0,0
581065,28-09-20 19:49,54.912465,11.870495,26,30.777549,286,0,13.30436243,8.483442225,4E-05,-0.0002383
581066,28-09-20 19:49,54.9125033,11.8702516,26,30.777549,284,0,13.30436243,7.445762996,3.83E-05,-0.0002434
581067,28-09-20 19:49,54.9125383,11.8700116,25,30.777549,284,0,12.79265618,7.445762996,3.5E-05,-0.00024
581068,28-09-20 19:49,54.9125383,11.8700116,25,30.777549,284,0,12.79265618,7.445762996,0,0
581069,28-09-20 19:49,54.9125983,11.8695416,25,29.697635,284,0,12.38557034,7.184508154,6E-05,-0.00047
581070,28-09-20 19:49,54.91263,11.8693116,25,29.157678,284,0,12.18036838,7.053880733,3.17E-05,-0.00023
581072,28-09-20 19:49,54.9126633,11.8690866,24,27.537807,284,0,11.0960115,6.66199847,3.33E-05,-0.000225
581073,28-09-20 19:49,54.912695,11.8688733,24,26.457893,284,0,10.69296001,6.400743628,3.17E-05,-0.0002133
581074,28-09-20 19:49,54.9127233,11.8686766,24,25.377979,285,0,10.28610995,6.568304291,2.83E-05,-0.0001967
581075,28-09-20 19:49,54.9127533,11.8684883,24,23.218151,286,0,9.461593609,6.399789749,3E-05,-0.0001883
581076,28-09-20 19:49,54.9127766,11.8683299,24,19.978409,285,0,8.199984261,5.17079274,2.33E-05,-0.0001584
581077,28-09-20 19:49,54.9127966,11.8681883,24,17.818581,285,0,7.344097538,4.61178812,2E-05,-0.0001416
581078,28-09-20 19:49,54.912815,11.8680683,24,14.578839,284,0,6.041086509,3.526940367,1.84E-05,-0.00012
581079,28-09-20 19:49,54.912815,11.8680683,24,14.578839,284,0,6.041086509,3.526940367,0,0
581080,28-09-20 19:49,54.9128299,11.8679,24,8.639312,275,0,3.60512922,0.752965654,1.49E-05,-0.0001683
581081,28-09-20 19:49,54.9128216,11.8678433,23,7.019441,253,0,2.810740684,-2.052285931,-8.3E-06,-5.67E-05
581082,28-09-20 19:49,54.9127983,11.8678016,23,7.019441,230,0,2.810740684,-4.512009702,-2.33E-05,-4.17E-05
581083,28-09-20 19:49,54.9127683,11.86777,23,7.559398,213,0,3.025740701,-6.339844614,-3E-05,-3.16E-05
581084,28-09-20 19:49,54.9127316,11.8677466,23,8.639312,201,0,3.454915503,-8.065492582,-3.67E-05,-2.34E-05
581085,28-09-20 19:49,54.9126883,11.8677299,23,9.179269,188,0,3.669052171,-9.089936985,-4.33E-05,-1.67E-05
581086,28-09-20 19:49,54.9126416,11.8677183,23,10.259183,187,0,4.096328955,-10.18271261,-4.67E-05,-1.16E-05
581087,28-09-20 19:49,54.9125933,11.8677083,23,10.79914,185,0,4.309431124,-10.75804601,-4.83E-05,-1E-05
581088,28-09-20 19:49,54.9125416,11.8676983,23,11.879054,185,0,4.734468386,-11.83385061,-5.17E-05,-1E-05
581089,28-09-20 19:49,54.9124866,11.8676866,23,12.419011,186,0,4.946365732,-12.35097836,-5.5E-05,-1.17E-05
581090,28-09-20 19:49,54.9124283,11.867675,24,12.958968,186,0,5.38207699,-12.88797742,-5.83E-05,-1.16E-05
581091,28-09-20 19:49,54.9123716,11.8676633,24,12.419011,186,0,5.161425111,-12.35097836,-5.67E-05,-1.17E-05
581092,28-09-20 19:49,54.912315,11.86765,24,11.879054,186,0,4.940314838,-11.8139793,-5.66E-05,-1.33E-05
581093,28-09-20 19:49,54.91226,11.8676383,24,12.419011,186,0,5.161425111,-12.35097836,-5.5E-05,-1.17E-05
581094,28-09-20 19:49,54.9122033,11.8676266,24,12.419011,186,0,5.161425111,-12.35097836,-5.67E-05,-1.17E-05
581095,28-09-20 19:49,54.912145,11.867615,24,12.958968,186,0,5.38207699,-12.88797742,-5.83E-05,-1.16E-05
581096,28-09-20 19:49,54.9120849,11.8676033,25,12.958968,186,0,5.606330198,-12.88797742,-6.01E-05,-1.17E-05
581097,28-09-20 19:50,54.9120233,11.8675916,25,13.498925,186,0,5.835677998,-13.42497648,-6.16E-05,-1.17E-05
581098,28-09-20 19:50,54.9119583,11.8675799,25,14.038882,186,0,6.064507522,-13.96197554,-6.5E-05,-1.17E-05
581099,28-09-20 19:50,54.9118933,11.86757,25,14.038882,186,0,6.064507522,-13.96197554,-6.5E-05,-9.9E-06
581100,28-09-20 19:50,54.911825,11.8675533,26,14.578839,187,0,6.544510385,-14.47017054,-6.83E-05,-1.67E-05
581101,28-09-20 19:50,54.911825,11.8675533,26,14.578839,187,0,6.544510385,-14.47017054,0,0
581102,28-09-20 19:50,54.9116866,11.8675233,26,15.118796,187,0,6.781351718,-15.00610279,-0.0001384,-3E-05
581103,28-09-20 19:50,54.9116133,11.8675083,26,15.658753,187,0,7.017590789,-15.54203503,-7.33E-05,-1.5E-05
581104,28-09-20 19:50,54.91154,11.8674916,26,16.19871,187,0,7.253206615,-16.07796727,-7.33E-05,-1.67E-05
581105,28-09-20 19:50,54.9114649,11.867475,26,16.19871,187,0,7.253206615,-16.07796727,-7.51E-05,-1.66E-05
581106,28-09-20 19:50,54.9114649,11.867475,26,16.19871,187,0,7.253206615,-16.07796727,0,0
581107,28-09-20 19:50,54.9114649,11.867475,26,16.19871,187,0,7.253206615,-16.07796727,0,0
581108,28-09-20 19:50,54.9113066,11.8674399,26,17.278624,187,0,7.722484893,-17.14983176,-0.0001583,-3.51E-05
581109,28-09-20 19:50,54.911225,11.86742,27,17.818581,187,0,8.26210973,-17.685764,-8.16E-05,-1.99E-05
581110,28-09-20 19:50,54.9111416,11.8673983,27,17.818581,187,0,8.26210973,-17.685764,-8.34E-05,-2.17E-05
581111,28-09-20 19:50,54.9110566,11.8673799,27,17.818581,186,0,8.26210973,-17.72096895,-8.5E-05,-1.84E-05
581112,28-09-20 19:50,54.91097,11.8673666,27,18.358538,184,0,8.503982147,-18.31381752,-8.66E-05,-1.33E-05
581113,28-09-20 19:50,54.9108833,11.8673616,28,18.358538,180,0,8.818944449,-18.358538,-8.67E-05,-5E-06
581114,28-09-20 19:50,54.9107933,11.8673683,27,18.898495,174,0,8.745099311,-18.79496707,-9E-05,6.7E-06
581115,28-09-20 19:50,54.9107016,11.8673916,27,19.978409,169,0,9.224982294,-19.61134936,-9.17E-05,2.33E-05
581116,28-09-20 19:50,54.910605,11.8674316,28,20.518366,166,0,9.814213105,-19.90888284,-9.66E-05,4E-05
581117,28-09-20 19:50,54.9105116,11.8674766,28,20.518366,161,0,9.814213105,-19.40049619,-9.34E-05,4.5E-05
581118,28-09-20 19:50,54.9104183,11.8675333,29,21.058323,160,0,10.42022437,-19.78835073,-9.33E-05,5.67E-05
581119,28-09-20 19:50,54.9103233,11.8675899,29,21.058323,160,0,10.42022437,-19.78835073,-9.5E-05,5.66E-05
581120,28-09-20 19:50,54.91023,11.8676483,29,21.058323,160,0,10.42022437,-19.78835073,-9.33E-05,5.84E-05
581121,28-09-20 19:50,54.910135,11.867705,30,21.058323,160,0,10.77954245,-19.78835073,-9.5E-05,5.67E-05
581122,28-09-20 19:50,54.91004,11.8677583,31,21.59828,163,0,11.41099587,-20.65453788,-9.5E-05,5.33E-05
581123,28-09-20 19:50,54.9099416,11.8678083,31,22.678194,165,0,11.95220217,-21.90545328,-9.84E-05,5E-05
581124,28-09-20 19:50,54.9098383,11.8678533,32,23.758108,168,0,12.89203881,-23.23893634,-0.0001033,4.5E-05
581125,28-09-20 19:50,54.9097266,11.8678866,32,24.838022,170,0,13.44174078,-24.46067664,-0.0001117,3.33E-05
581126,28-09-20 19:50,54.9096166,11.867925,32,24.838022,170,0,13.44174078,-24.46067664,-0.00011,3.84E-05
581127,28-09-20 19:50,54.9094983,11.8679566,32,25.917936,170,0,13.98666773,-25.52418431,-0.0001183,3.16E-05
581128,28-09-20 19:50,54.9093766,11.86799,32,26.457893,170,0,14.25728001,-26.05593815,-0.0001217,3.34E-05
581129,28-09-20 19:50,54.9092533,11.86802,32,26.99785,171,0,14.52662607,-26.66546167,-0.0001233,3E-05
581130,28-09-20 19:50,54.909125,11.86805,32,27.537807,171,0,14.794682,-27.1987709,-0.0001283,3E-05
581131,28-09-20 19:50,54.908995,11.86808,32,28.077764,171,0,15.061424,-27.73208013,-0.00013,3E-05
581132,28-09-20 19:50,54.9088633,11.8681116,32,28.617721,171,0,15.32682836,-28.26538937,-0.0001317,3.16E-05
581133,28-09-20 19:50,54.9087316,11.8681583,31,28.617721,166,0,14.84786497,-27.76765238,-0.0001317,4.67E-05
581134,28-09-20 19:50,54.9085966,11.8681983,31,29.157678,171,0,15.10365679,-28.7986986,-0.000135,4E-05
581135,28-09-20 19:50,54.90846,11.8682366,31,29.157678,170,0,15.10365679,-28.71470735,-0.0001366,3.83E-05
581136,28-09-20 19:50,54.908325,11.8682783,31,29.157678,170,0,15.10365679,-28.71470735,-0.000135,4.17E-05
581137,28-09-20 19:50,54.90819,11.8683183,30,29.157678,171,0,14.61644205,-28.7986986,-0.000135,4E-05
581138,28-09-20 19:50,54.9080566,11.8683583,30,29.157678,170,0,14.61644205,-28.71470735,-0.0001334,4E-05
581139,28-09-20 19:50,54.9079233,11.8683983,30,28.617721,170,0,14.36890159,-28.18295351,-0.0001333,4E-05
581140,28-09-20 19:50,54.9077916,11.8684383,30,28.617721,171,0,14.36890159,-28.26538937,-0.0001317,4E-05
581141,28-09-20 19:50,54.9076616,11.86847,30,28.077764,171,0,14.120085,-27.73208013,-0.00013,3.17E-05
581142,28-09-20 19:50,54.9075333,11.8685033,29,26.99785,170,0,13.16475488,-26.58769199,-0.0001283,3.33E-05
581143,28-09-20 19:50,54.9074083,11.8685383,29,26.457893,171,0,12.92066001,-26.13215243,-0.000125,3.5E-05
581144,28-09-20 19:50,54.90729,11.8685683,29,25.377979,171,0,12.42904953,-25.06553397,-0.0001183,3E-05
581145,28-09-20 19:50,54.907175,11.8686,29,24.838022,170,0,12.18157758,-24.46067664,-0.000115,3.17E-05
581146,28-09-20 19:50,54.9070633,11.8686299,29,24.298065,171,0,11.93302377,-23.9989155,-0.0001117,2.99E-05
581147,28-09-20 19:50,54.90695,11.8686616,28,24.298065,171,0,11.52154019,-23.9989155,-0.0001133,3.17E-05
581148,28-09-20 19:50,54.9068366,11.8686933,28,24.838022,171,0,11.76152318,-24.53222473,-0.0001134,3.17E-05
581149,28-09-20 19:50,54.9067216,11.8687266,28,25.377979,170,0,12.00046161,-24.99243047,-0.000115,3.33E-05
581150,28-09-20 19:50,54.9066033,11.8687583,27,25.917936,170,0,11.8012509,-25.52418431,-0.0001183,3.17E-05
581151,28-09-20 19:50,54.906485,11.86879,27,25.917936,170,0,11.8012509,-25.52418431,-0.0001183,3.17E-05
581152,28-09-20 19:50,54.9063633,11.8688233,27,26.457893,170,0,12.02958001,-26.05593815,-0.0001217,3.33E-05
581153,28-09-20 19:50,54.9062383,11.8688583,26,26.99785,170,0,11.80288368,-26.58769199,-0.000125,3.5E-05
581154,28-09-20 19:50,54.9061116,11.8688933,26,27.537807,170,0,12.02067913,-27.11944583,-0.0001267,3.5E-05
581155,28-09-20 19:50,54.9059833,11.8689299,26,28.077764,170,0,12.237407,-27.65119967,-0.0001283,3.66E-05
581156,28-09-20 19:50,54.9058533,11.8689666,26,28.617721,171,0,12.45304804,-28.26538937,-0.00013,3.67E-05
581157,28-09-20 19:50,54.90572,11.8690016,25,29.157678,171,0,12.18036838,-28.7986986,-0.0001333,3.5E-05
581158,28-09-20 19:51,54.9055833,11.8690383,25,30.237592,171,0,12.58967232,-29.86531707,-0.0001367,3.67E-05
581159,28-09-20 19:51,54.9054416,11.8690783,25,29.697635,171,0,12.38557034,-29.33200783,-0.0001417,4E-05
581160,28-09-20 19:51,54.9052966,11.8691183,25,31.317506,170,0,12.99450392,-30.84172271,-0.000145,4E-05
581161,28-09-20 19:51,54.9051483,11.8691616,25,31.857463,170,0,13.19519759,-31.37347655,-0.0001483,4.33E-05
581162,28-09-20 19:51,54.905,11.869205,25,31.857463,170,0,13.19519759,-31.37347655,-0.0001483,4.34E-05
581163,28-09-20 19:51,54.9048516,11.8692466,25,32.39742,170,0,13.39471937,-31.90523039,-0.0001484,4.16E-05
581164,28-09-20 19:51,54.9047,11.86929,25,32.39742,170,0,13.39471937,-31.90523039,-0.0001516,4.34E-05
581165,28-09-20 19:51,54.90455,11.8693316,26,32.39742,170,0,13.93050814,-31.90523039,-0.00015,4.16E-05
581166,28-09-20 19:51,54.9044016,11.8693766,26,31.857463,170,0,13.72300549,-31.37347655,-0.0001484,4.5E-05
581167,28-09-20 19:51,54.904255,11.8694183,26,31.857463,170,0,13.72300549,-31.37347655,-0.0001466,4.17E-05
581168,28-09-20 19:51,54.90411,11.8694566,27,30.777549,171,0,13.81606868,-30.3986263,-0.000145,3.83E-05
581169,28-09-20 19:51,54.9039683,11.8694916,27,29.697635,171,0,13.37641596,-29.33200783,-0.0001417,3.5E-05
581170,28-09-20 19:51,54.9038333,11.8695233,27,28.617721,171,0,12.93201143,-28.26538937,-0.000135,3.17E-05
581171,28-09-20 19:51,54.903705,11.8695566,27,26.99785,171,0,12.25684075,-26.66546167,-0.0001283,3.33E-05
581172,28-09-20 19:51,54.90358,11.8695866,28,26.457893,171,0,12.47512001,-26.13215243,-0.000125,3E-05
581173,28-09-20 19:51,54.9034599,11.8696166,28,25.377979,171,0,12.00046161,-25.06553397,-0.0001201,3E-05
581174,28-09-20 19:51,54.9033416,11.8696483,28,25.917936,171,0,12.23833426,-25.5988432,-0.0001183,3.17E-05
581175,28-09-20 19:51,54.9032216,11.8696816,28,25.917936,170,0,12.23833426,-25.52418431,-0.00012,3.33E-05
581176,28-09-20 19:51,54.9031016,11.869715,28,25.917936,171,0,12.23833426,-25.5988432,-0.00012,3.34E-05
581177,28-09-20 19:51,54.9029816,11.8697466,28,25.917936,171,0,12.23833426,-25.5988432,-0.00012,3.16E-05
581178,28-09-20 19:51,54.9028633,11.8697783,27,25.377979,171,0,11.5718737,-25.06553397,-0.0001183,3.17E-05
581179,28-09-20 19:51,54.9027483,11.8698083,27,24.838022,170,0,11.34146878,-24.46067664,-0.000115,3E-05
581180,28-09-20 19:51,54.9026349,11.8698399,27,24.298065,170,0,11.11005662,-23.9289228,-0.0001134,3.16E-05
581181,28-09-20 19:51,54.9025266,11.8698716,27,23.218151,170,0,10.64429281,-22.86541512,-0.0001083,3.17E-05
581182,28-09-20 19:51,54.9024233,11.8698999,27,22.138237,170,0,10.17474774,-21.80190744,-0.0001033,2.83E-05
581183,28-09-20 19:51,54.9023266,11.86993,26,20.518366,170,0,9.113197883,-20.20664592,-9.67E-05,3.01E-05
581184,28-09-20 19:51,54.902235,11.8699533,26,18.898495,172,0,8.421206744,-18.71457615,-9.16E-05,2.33E-05
581185,28-09-20 19:51,54.9021499,11.8699633,25,17.818581,178,0,7.650101602,-17.8077264,-8.51E-05,1E-05
581186,28-09-20 19:51,54.9020683,11.8699516,25,18.358538,190,0,7.874057543,-18.07963056,-8.16E-05,-1.17E-05
581187,28-09-20 19:51,54.9019866,11.8699183,25,18.358538,196,0,7.874057543,-17.64735937,-8.17E-05,-3.33E-05
581188,28-09-20 19:51,54.9019083,11.8698716,24,18.358538,200,0,7.559095242,-17.25138269,-7.83E-05,-4.67E-05
581189,28-09-20 19:51,54.90183,11.8698183,24,18.358538,201,0,7.559095242,-17.13917174,-7.83E-05,-5.33E-05
581190,28-09-20 19:51,54.9017583,11.8697583,23,16.738667,203,0,6.624157703,-15.40802421,-7.17E-05,-6E-05
581191,28-09-20 19:51,54.9016933,11.8697066,23,14.578839,202,0,5.789374571,-13.51726414,-6.5E-05,-5.17E-05
581192,28-09-20 19:51,54.9016383,11.8696566,22,12.419011,205,0,4.731306352,-11.25544638,-5.5E-05,-5E-05
581193,28-09-20 19:51,54.9015966,11.8696183,22,8.639312,205,0,3.304701785,-7.82987574,-4.17E-05,-3.83E-05
581194,28-09-20 19:51,54.9015699,11.869595,22,5.39957,206,0,2.070218518,-4.853101369,-2.67E-05,-2.33E-05
581195,28-09-20 19:51,54.9015566,11.8695833,22,2.159828,206,0,0.829118022,-1.941240547,-1.33E-05,-1.17E-05
581196,28-09-20 19:51,54.9015483,11.8695766,22,0,206,0,0,0,-8.3E-06,-6.7E-06
581197,28-09-20 19:51,54.9015416,11.8695783,22,0,206,0,0,0,-6.7E-06,1.7E-06
581198,28-09-20 19:51,54.9015216,11.869595,22,6.479484,157,0,2.482643603,-5.96439647,-2E-05,1.67E-05
581199,28-09-20 19:51,54.901495,11.8696366,22,9.179269,127,0,3.509528164,-5.524221986,-2.66E-05,4.16E-05
581200,28-09-20 19:51,54.9014733,11.8697183,21,11.339097,108,0,4.128920081,-3.503973674,-2.17E-05,8.17E-05
581201,28-09-20 19:51,54.9014583,11.8698249,21,14.038882,102,0,5.094186319,-2.918847694,-1.5E-05,0.0001066
581203,28-09-20 19:51,54.901445,11.8699433,21,14.578839,100,0,5.285950695,-2.531588825,-1.33E-05,0.0001184
581204,28-09-20 19:51,54.90143,11.8700699,21,15.658753,102,0,5.668054098,-3.255637812,-1.5E-05,0.0001266
581205,28-09-20 19:51,54.9014166,11.87021,21,18.358538,101,0,6.614208337,-3.502974192,-1.34E-05,0.0001401
581206,28-09-20 19:51,54.9014066,11.8703633,21,19.438452,97,0,6.988675406,-2.368951382,-1E-05,0.0001533
581207,28-09-20 19:51,54.9014,11.8705383,21,21.058323,93,0,7.545679716,-1.102107471,-6.6E-06,0.000175
581208,28-09-20 19:51,54.9013983,11.8707199,21,21.59828,90,0,7.73002946,1.32E-15,-1.7E-06,0.0001816
581209,28-09-20 19:51,54.9014016,11.8708966,21,19.978409,88,0,7.174986229,0.697236419,3.3E-06,0.0001767
581210,28-09-20 19:51,54.9014,11.87107,20,19.978409,92,0,6.833320218,-0.697236419,-1.6E-06,0.0001734
581211,28-09-20 19:51,54.9013933,11.8712483,20,21.058323,94,0,7.186361635,-1.468954355,-6.7E-06,0.0001783
581212,28-09-20 19:51,54.9013833,11.87144,20,22.678194,95,0,7.711098177,-1.976534842,-1E-05,0.0001917
581213,28-09-20 19:51,54.9013783,11.871615,21,19.978409,91,0,7.174986229,-0.348671314,-5E-06,0.000175
581214,28-09-20 19:51,54.901375,11.8717733,21,18.358538,88,0,6.614208337,0.640703736,-3.3E-06,0.0001583
581215,28-09-20 19:51,54.9013716,11.87192,21,16.19871,88,0,5.858359189,0.565326826,-3.4E-06,0.0001467
581216,28-09-20 19:51,54.901365,11.8720533,21,14.578839,95,0,5.285950695,-1.270629541,-6.6E-06,0.0001333
581217,28-09-20 19:51,54.9013533,11.8721633,21,12.419011,105,0,4.516246972,-3.214276568,-1.17E-05,0.00011
581218,28-09-20 19:51,54.90135,11.8722316,22,5.939527,91,0,2.276532152,-0.103659039,-3.3E-06,6.83E-05
581219,28-09-20 19:52,54.9013483,11.8722699,22,1.619871,91,0,0.621902956,-0.028270647,-1.7E-06,3.83E-05
581220,28-09-20 19:52,54.901345,11.8722866,23,0,91,0,0,0,-3.3E-06,1.67E-05
581221,28-09-20 19:52,54.9013516,11.8722883,23,0,91,0,0,0,6.6E-06,1.7E-06
581222,28-09-20 19:52,54.9013566,11.8722999,23,0,91,0,0,0,5E-06,1.16E-05
581223,28-09-20 19:52,54.9013566,11.8722999,23,0,91,0,0,0,0,0
581224,28-09-20 19:52,54.9013566,11.8722999,23,0,91,0,0,0,0,0
581225,28-09-20 19:52,54.9013566,11.8722999,23,0,91,0,0,0,0,0
581226,28-09-20 19:52,54.9013566,11.8722999,23,0,91,0,0,0,0,0
581227,28-09-20 19:52,54.9013566,11.8722999,23,0,91,0,0,0,0,0
581228,28-09-20 19:52,54.9013566,11.8722999,23,0,91,0,0,0,0,0
581229,28-09-20 19:52,54.9013566,11.8722999,23,0,91,0,0,0,0,0
581230,28-09-20 19:52,54.901375,11.8723933,23,7.559398,42,0,3.025740701,5.617727507,1.84E-05,9.34E-05
581231,28-09-20 19:52,54.90141,11.872435,23,10.259183,27,0,4.096328955,9.140998986,3.5E-05,4.17E-05
581232,28-09-20 19:52,54.9014599,11.872475,23,13.498925,21,0,5.368823758,12.60233216,4.99E-05,4E-05
581233,28-09-20 19:52,54.901525,11.8725033,23,15.658753,10,0,6.207868774,15.42086136,6.51E-05,2.83E-05
581234,28-09-20 19:52,54.901605,11.872525,23,18.358538,8,0,7.24413294,18.17987397,8E-05,2.17E-05
581235,28-09-20 19:52,54.9016983,11.87255,23,21.058323,9,0,8.26431588,20.7990601,9.33E-05,2.5E-05
581236,28-09-20 19:52,54.9018016,11.8725799,24,23.218151,11,0,9.461593609,22.79156817,0.0001033,2.99E-05
581237,28-09-20 19:52,54.901915,11.8726266,24,25.377979,14,0,10.28610995,24.62414457,0.0001134,4.67E-05
581238,28-09-20 19:52,54.9020333,11.872685,24,26.99785,16,0,10.89496955,25.95199908,0.0001183,5.84E-05
581239,28-09-20 19:52,54.9021633,11.8727516,24,28.617721,18,0,11.49512127,27.21707004,0.00013,6.66E-05
581240,28-09-20 19:52,54.9022983,11.8728283,24,30.237592,18,0,12.08608542,28.75765891,0.000135,7.67E-05
581241,28-09-20 19:52,54.9024366,11.8729083,25,31.317506,19,0,12.99450392,29.61128366,0.0001383,8E-05
581242,28-09-20 19:52,54.9025816,11.872995,25,32.937377,19,0,13.59305154,31.14290179,0.000145,8.67E-05
581243,28-09-20 19:52,54.9027316,11.873085,25,34.557248,18,0,14.18073482,32.8658959,0.00015,9E-05
581244,28-09-20 19:52,54.9028866,11.8731749,25,35.637162,18,0,14.56625561,33.89295514,0.000155,8.99E-05
581245,28-09-20 19:52,54.9030499,11.8732683,25,36.717076,17,0,14.94660189,35.1127144,0.0001633,9.34E-05
581246,28-09-20 19:52,54.9032183,11.8733516,26,37.79699,15,0,15.9345041,36.5090888,0.0001684,8.33E-05
581247,28-09-20 19:52,54.9033933,11.87343,26,38.876904,14,0,16.31888169,37.7220938,0.000175,7.84E-05
581248,28-09-20 19:52,54.9035733,11.8735083,26,39.956818,13,0,16.69746218,38.93272734,0.00018,7.83E-05
581249,28-09-20 19:52,54.9037566,11.873585,27,40.496775,13,0,17.53394165,39.45884528,0.0001833,7.67E-05
581250,28-09-20 19:52,54.9039433,11.873665,27,41.576689,13,0,17.91779166,40.51108115,0.0001867,8E-05
581251,28-09-20 19:52,54.9041349,11.8737433,27,42.116646,13,0,18.10733819,41.03719909,0.0001916,7.83E-05
581252,28-09-20 19:52,54.9043283,11.8738266,28,43.19656,13,0,19.16609346,42.08943497,0.0001934,8.33E-05
581253,28-09-20 19:52,54.904525,11.8739116,28,43.736517,13,0,19.35760534,42.6155529,0.0001967,8.5E-05
581254,28-09-20 19:52,54.9047249,11.8739966,28,44.276474,13,0,19.54739804,43.14167084,0.0001999,8.5E-05
581255,28-09-20 19:52,54.9049266,11.8740816,28,44.276474,13,0,19.54739804,43.14167084,0.0002017,8.5E-05
581256,28-09-20 19:52,54.9051283,11.8741666,28,44.276474,13,0,19.54739804,43.14167084,0.0002017,8.5E-05
581257,28-09-20 19:52,54.9053266,11.87425,28,43.736517,13,0,19.35760534,42.6155529,0.0001983,8.34E-05
581258,28-09-20 19:52,54.9055233,11.87433,28,42.656603,13,0,18.97287941,41.56331703,0.0001967,8E-05
581259,28-09-20 19:52,54.9057133,11.87441,28,41.036732,14,0,18.38319656,39.81776568,0.00019,8E-05
581260,28-09-20 19:52,54.9058966,11.874485,29,39.416861,13,0,18.41377869,38.40660941,0.0001833,7.5E-05
581261,28-09-20 19:52,54.9060716,11.8745583,29,37.79699,13,0,17.77310073,36.82825559,0.000175,7.33E-05
581262,28-09-20 19:52,54.90624,11.8746266,30,36.717076,13,0,17.93592227,35.77601972,0.0001684,6.83E-05
581263,28-09-20 19:52,54.9064033,11.8746966,30,35.637162,13,0,17.47950673,34.72378385,0.0001633,7E-05
581264,28-09-20 19:52,54.9065633,11.8747633,30,34.017291,13,0,16.78329207,33.14543004,0.00016,6.67E-05
581265,28-09-20 19:52,54.9067133,11.8748283,30,31.857463,14,0,15.8342371,30.9111602,0.00015,6.5E-05
581266,28-09-20 19:52,54.9068549,11.8748883,30,29.697635,13,0,14.8626844,28.93648654,0.0001416,6E-05
581267,28-09-20 19:52,54.9069816,11.8749433,30,26.457893,13,0,13.36620001,25.77977892,0.0001267,5.5E-05
581268,28-09-20 19:52,54.9070949,11.8749899,31,23.218151,13,0,12.22122508,22.62307129,0.0001133,4.66E-05
581269,28-09-20 19:52,54.90719,11.8750183,33,19.978409,13,0,11.27497836,19.46636367,9.51E-05,2.84E-05
581270,28-09-20 19:52,54.9072633,11.875055,33,17.818581,13,0,10.09813411,17.36189192,7.33E-05,3.67E-05
581271,28-09-20 19:52,54.9073416,11.8750933,33,16.19871,14,0,9.205993012,15.71753908,7.83E-05,3.83E-05
581272,28-09-20 19:52,54.9074116,11.8751233,33,15.118796,13,0,8.607100258,14.73130224,7E-05,3E-05
581273,28-09-20 19:52,54.9074766,11.8751516,34,14.038882,13,0,8.24773023,13.67906636,6.5E-05,2.83E-05
581274,28-09-20 19:52,54.907535,11.8751799,34,12.958968,14,0,7.62460907,12.57403127,5.84E-05,2.83E-05
581275,28-09-20 19:52,54.90759,11.8751866,34,11.339097,3,0,6.684918226,11.32355716,5.5E-05,6.7E-06
581276,28-09-20 19:52,54.907635,11.8751699,34,9.719226,346,0,5.739884412,9.430523451,4.5E-05,-1.67E-05
581277,28-09-20 19:52,54.9076683,11.8751366,33,8.099355,326,0,4.649372866,6.714669608,3.33E-05,-3.33E-05
581278,28-09-20 19:52,54.9076933,11.87509,33,8.639312,304,0,4.957052678,4.831041961,2.5E-05,-4.66E-05
581279,28-09-20 19:53,54.90771,11.8750299,32,7.559398,292,0,4.209726193,2.831800333,1.67E-05,-6.01E-05
581280,28-09-20 19:53,54.90772,11.8749683,32,7.019441,283,0,3.910595734,1.579030654,1E-05,-6.16E-05
581281,28-09-20 19:53,54.907725,11.8749116,32,5.939527,281,0,3.311319493,1.13331518,5E-06,-5.67E-05
581282,28-09-20 19:53,54.907725,11.8748666,32,3.779699,280,0,2.10945139,0.656337843,0,-4.5E-05
581283,28-09-20 19:53,54.907725,11.8748666,32,3.779699,280,0,2.10945139,0.656337843,0,0
581284,28-09-20 19:53,54.907725,11.8748466,31,0,280,0,0,0,0,-2E-05
581285,28-09-20 19:53,54.9077266,11.8748399,31,0,280,0,0,0,1.6E-06,-6.7E-06
581286,28-09-20 19:53,54.9077266,11.8748399,31,0,280,0,0,0,0,0
581287,28-09-20 19:53,54.907725,11.8748416,31,0,280,0,0,0,-1.6E-06,1.7E-06
581288,28-09-20 19:53,54.907725,11.8748416,31,0,280,0,0,0,0,0
581289,28-09-20 19:53,54.907725,11.8748416,31,0,280,0,0,0,0,0
581290,28-09-20 19:53,54.907725,11.8748416,31,0,280,0,0,0,0,0
581291,28-09-20 19:53,54.907725,11.8748416,31,0,280,0,0,0,0,0
581292,28-09-20 19:53,54.907725,11.8748416,31,0,280,0,0,0,0,0
581293,28-09-20 19:53,54.907725,11.8748416,31,0,280,0,0,0,0,0
581294,28-09-20 19:53,54.907725,11.8748416,31,0,280,0,0,0,0,0
581295,28-09-20 19:53,54.907725,11.8748416,31,0,280,0,0,0,0,0
581296,28-09-20 19:53,54.907725,11.8748416,31,0,280,0,0,0,0,0
581297,28-09-20 19:53,54.907725,11.8748416,31,0,280,0,0,0,0,0
581298,28-09-20 19:53,54.907725,11.8748416,31,0,280,0,0,0,0,0
581299,28-09-20 19:53,54.907725,11.8748416,31,0,280,0,0,0,0,0
581300,28-09-20 19:53,54.907725,11.8748416,31,0,280,0,0,0,0,0
581301,28-09-20 19:53,54.907725,11.8748416,31,0,280,0,0,0,0,0
581302,28-09-20 19:53,54.907725,11.8748416,31,0,280,0,0,0,0,0
581303,28-09-20 19:53,54.907725,11.8748416,31,0,280,0,0,0,0,0
581304,28-09-20 19:53,54.907725,11.8748416,31,0,280,0,0,0,0,0
581305,28-09-20 19:53,54.907725,11.8748416,31,0,280,0,0,0,0,0
581306,28-09-20 19:53,54.907725,11.8748416,31,0,280,0,0,0,0,0
581307,28-09-20 19:53,54.907725,11.8748416,31,0,280,0,0,0,0,0
581308,28-09-20 19:53,54.907725,11.8748416,31,0,280,0,0,0,0,0
581309,28-09-20 19:53,54.907725,11.8748416,31,0,280,0,0,0,0,0
581310,28-09-20 19:53,54.907725,11.8748416,31,0,280,0,0,0,0,0
581311,28-09-20 19:53,54.907725,11.8748416,31,0,280,0,0,0,0,0
581312,28-09-20 19:53,54.907725,11.8748416,31,0,280,0,0,0,0,0
581313,28-09-20 19:53,54.907725,11.8748416,31,0,280,0,0,0,0,0
581314,28-09-20 19:53,54.907725,11.8748416,31,0,280,0,0,0,0,0
581315,28-09-20 19:53,54.907725,11.8748416,31,0,280,0,0,0,0,0
581316,28-09-20 19:53,54.907725,11.8748416,31,0,280,0,0,0,0,0
581317,28-09-20 19:53,54.907725,11.8748416,31,0,280,0,0,0,0,0
581318,28-09-20 19:53,54.907725,11.8748416,31,0,280,0,0,0,0,0
581319,28-09-20 19:53,54.907725,11.8748416,31,0,280,0,0,0,0,0
581320,28-09-20 19:53,54.907725,11.8748416,31,0,280,0,0,0,0,0
581321,28-09-20 19:53,54.907725,11.8748416,31,0,280,0,0,0,0,0
581322,28-09-20 19:53,54.907725,11.8748416,31,0,280,0,0,0,0,0
581323,28-09-20 19:53,54.907725,11.8748416,31,0,280,0,0,0,0,0
581324,28-09-20 19:53,54.907725,11.8748416,31,0,280,0,0,0,0,0
581325,28-09-20 19:53,54.907725,11.8748416,31,0,280,0,0,0,0,0
581326,28-09-20 19:53,54.907725,11.8748416,31,0,280,0,0,0,0,0
581327,28-09-20 19:53,54.907725,11.8748416,31,0,280,0,0,0,0,0
581328,28-09-20 19:53,54.907725,11.8748416,31,0,280,0,0,0,0,0
581329,28-09-20 19:53,54.907725,11.8748416,31,0,280,0,0,0,0,0
581330,28-09-20 19:53,54.907725,11.8748416,31,0,280,0,0,0,0,0
581331,28-09-20 19:53,54.907725,11.8748416,31,0,280,0,0,0,0,0
581332,28-09-20 19:53,54.907725,11.8748416,31,0,280,0,0,0,0,0
581333,28-09-20 19:53,54.907725,11.8748416,31,0,280,0,0,0,0,0
581334,28-09-20 19:53,54.907725,11.8748416,31,0,280,0,0,0,0,0
581335,28-09-20 19:53,54.907725,11.8748416,31,0,280,0,0,0,0,0
581336,28-09-20 19:53,54.907725,11.8748416,31,0,280,0,0,0,0,0
581337,28-09-20 19:53,54.907725,11.8748416,31,0,280,0,0,0,0,0
581338,28-09-20 19:53,54.907725,11.8748416,31,0,280,0,0,0,0,0
581339,28-09-20 19:53,54.907725,11.8748416,31,0,280,0,0,0,0,0
581340,28-09-20 19:53,54.907725,11.8748416,31,0,280,0,0,0,0,0
581341,28-09-20 19:53,54.907725,11.8748416,31,0,280,0,0,0,0,0
581342,28-09-20 19:53,54.907725,11.8748416,31,0,280,0,0,0,0,0
581343,28-09-20 19:54,54.907725,11.8748416,31,0,280,0,0,0,0,0
581344,28-09-20 19:54,54.907725,11.8748416,31,0,280,0,0,0,0,0
581345,28-09-20 19:54,54.907725,11.8748416,31,0,280,0,0,0,0,0
581346,28-09-20 19:54,54.907725,11.8748416,31,0,280,0,0,0,0,0
581347,28-09-20 19:54,54.907725,11.8748416,31,0,280,0,0,0,0,0
581348,28-09-20 19:54,54.907725,11.8748416,31,0,280,0,0,0,0,0
581349,28-09-20 19:54,54.907725,11.8748416,31,0,280,0,0,0,0,0
581350,28-09-20 19:54,54.907725,11.8748416,31,0,280,0,0,0,0,0
581351,28-09-20 19:54,54.907725,11.8748416,31,0,280,0,0,0,0,0
581352,28-09-20 19:54,54.907725,11.8748416,31,0,280,0,0,0,0,0
581353,28-09-20 19:54,54.907725,11.8748416,31,0,280,0,0,0,0,0
581354,28-09-20 19:54,54.907725,11.8748416,31,0,280,0,0,0,0,0
581355,28-09-20 19:54,54.907725,11.8748416,31,0,280,0,0,0,0,0
581356,28-09-20 19:54,54.907725,11.8748416,31,0,280,0,0,0,0,0
581357,28-09-20 19:54,54.907725,11.8748416,31,0,280,0,0,0,0,0
581358,28-09-20 19:54,54.907725,11.8748416,31,0,280,0,0,0,0,0
581359,28-09-20 19:54,54.907725,11.8748416,31,0,280,0,0,0,0,0
581360,28-09-20 19:54,54.907725,11.8748416,31,0,280,0,0,0,0,0
581361,28-09-20 19:54,54.907725,11.8748416,31,0,280,0,0,0,0,0
581362,28-09-20 19:54,54.907725,11.8748416,31,0,280,0,0,0,0,0
581363,28-09-20 19:54,54.907725,11.8748416,31,0,280,0,0,0,0,0
581364,28-09-20 19:54,54.907725,11.8748416,31,0,280,0,0,0,0,0
581365,28-09-20 19:54,54.907725,11.8748416,31,0,280,0,0,0,0,0
581366,28-09-20 19:54,54.907725,11.8748416,31,0,280,0,0,0,0,0
581367,28-09-20 19:54,54.907725,11.8748416,31,0,280,0,0,0,0,0
581368,28-09-20 19:54,54.907725,11.8748416,31,0,280,0,0,0,0,0
581369,28-09-20 19:54,54.907725,11.8748416,31,0,280,0,0,0,0,0
581370,28-09-20 19:54,54.907725,11.8748416,31,0,280,0,0,0,0,0
581371,28-09-20 19:54,54.907725,11.8748416,31,0,280,0,0,0,0,0
581372,28-09-20 19:54,54.907725,11.8748416,31,0,280,0,0,0,0,0
581373,28-09-20 19:54,54.907725,11.8748416,31,0,280,0,0,0,0,0
581374,28-09-20 19:54,54.907725,11.8748416,31,0,280,0,0,0,0,0
581375,28-09-20 19:54,54.907725,11.8748416,31,0,280,0,0,0,0,0
581376,28-09-20 19:54,54.907725,11.8748416,31,0,280,0,0,0,0,0
581377,28-09-20 19:54,54.907725,11.8748416,31,0,280,0,0,0,0,0
581378,28-09-20 19:54,54.907725,11.8748416,31,0,280,0,0,0,0,0
581379,28-09-20 19:54,54.907725,11.8748416,31,0,280,0,0,0,0,0
581380,28-09-20 19:54,54.907725,11.8748416,31,0,280,0,0,0,0,0
581381,28-09-20 19:54,54.907725,11.8748416,31,0,280,0,0,0,0,0
581382,28-09-20 19:54,54.907725,11.8748416,31,0,280,0,0,0,0,0
581383,28-09-20 19:54,54.907725,11.8748416,31,0,280,0,0,0,0,0
581384,28-09-20 19:54,54.907725,11.8748416,31,0,280,0,0,0,0,0
581385,28-09-20 19:54,54.907725,11.8748416,31,0,280,0,0,0,0,0
581386,28-09-20 19:54,54.907725,11.8748416,31,0,280,0,0,0,0,0
581387,28-09-20 19:54,54.907725,11.8748416,31,0,280,0,0,0,0,0
581388,28-09-20 19:54,54.907725,11.8748416,31,0,280,0,0,0,0,0
581389,28-09-20 19:54,54.907725,11.8748416,31,0,280,0,0,0,0,0
581390,28-09-20 19:54,54.907725,11.8748416,31,0,280,0,0,0,0,0
581391,28-09-20 19:54,54.907725,11.8748416,31,0,280,0,0,0,0,0
581392,28-09-20 19:55,54.907725,11.8748416,31,0,280,0,0,0,0,0
581393,28-09-20 19:56,54.907725,11.8748416,31,0,280,0,0,0,0,0
581394,28-09-20 19:57,54.907725,11.8748416,31,0,280,0,0,0,0,0
581395,28-09-20 19:58,54.907725,11.8748416,31,0,280,0,0,0,0,0
581396,28-09-20 19:58,54.907725,11.8748416,31,0,280,0,0,0,0,0
581397,28-09-20 19:58,54.907725,11.8748416,30,0,280,0,0,0,0,0
581398,28-09-20 19:58,54.907725,11.8748416,27,0,280,0,0,0,0,0
581399,28-09-20 19:59,54.907725,11.8748416,27,0,280,0,0,0,0,0
581400,28-09-20 20:00,54.907725,11.8748416,27,0,280,0,0,0,0,0
581401,28-09-20 20:01,54.907725,11.8748416,27,0,280,0,0,0,0,0
581402,28-09-20 20:02,54.907725,11.8748416,27,0,280,0,0,0,0,0
581403,28-09-20 20:03,54.907725,11.8748416,27,0,280,0,0,0,0,0
581404,28-09-20 20:04,54.907725,11.8748416,27,0,280,0,0,0,0,0
581405,28-09-20 20:05,54.907725,11.8748416,27,0,280,0,0,0,0,0
581406,28-09-20 20:06,54.907725,11.8748416,27,0,280,0,0,0,0,0
581407,28-09-20 20:07,54.907725,11.8748416,27,0,280,0,0,0,0,0
581408,28-09-20 20:08,54.907725,11.8748416,27,0,280,0,0,0,0,0
581409,28-09-20 20:09,54.907725,11.8748416,27,0,280,0,0,0,0,0
581410,28-09-20 20:10,54.907725,11.8748416,27,0,280,0,0,0,0,0
581411,28-09-20 20:11,54.907725,11.8748416,27,0,280,0,0,0,0,0
581412,28-09-20 20:12,54.907725,11.8748416,27,0,280,0,0,0,0,0
581414,28-09-20 20:13,54.907725,11.8748416,27,0,280,0,0,0,0,0
581415,28-09-20 20:14,54.907725,11.8748416,27,0,280,0,0,0,0,0
581416,28-09-20 20:15,54.907725,11.8748416,27,0,280,0,0,0,0,0
581417,28-09-20 20:16,54.907725,11.8748416,27,0,280,0,0,0,0,0
581418,28-09-20 20:17,54.907725,11.8748416,27,0,280,0,0,0,0,0
581419,28-09-20 20:18,54.907725,11.8748416,27,0,280,0,0,0,0,0
581420,28-09-20 20:19,54.907725,11.8748416,27,0,280,0,0,0,0,0
581421,28-09-20 20:20,54.907725,11.8748416,27,0,280,0,0,0,0,0
581422,28-09-20 20:21,54.907725,11.8748416,27,0,280,0,0,0,0,0
581423,28-09-20 20:21,54.907725,11.8748416,27,0,280,0,0,0,0,0
581424,28-09-20 20:22,54.907725,11.8748416,27,0,280,0,0,0,0,0
581425,28-09-20 20:23,54.907725,11.8748416,27,0,280,0,0,0,0,0
581426,28-09-20 20:24,54.907725,11.8748416,27,0,280,0,0,0,0,0
581427,28-09-20 20:25,54.907725,11.8748416,27,0,280,0,0,0,0,0
581428,28-09-20 20:26,54.907725,11.8748416,27,0,280,0,0,0,0,0
581429,28-09-20 20:27,54.907725,11.8748416,27,0,280,0,0,0,0,0
581430,28-09-20 20:28,54.907725,11.8748416,27,0,280,0,0,0,0,0
581431,28-09-20 20:29,54.907725,11.8748416,27,0,280,0,0,0,0,0
581432,28-09-20 20:30,54.907725,11.8748416,27,0,280,0,0,0,0,0
581433,28-09-20 20:31,54.907725,11.8748416,27,0,280,0,0,0,0,0
581434,28-09-20 20:32,54.907725,11.8748416,27,0,280,0,0,0,0,0
581435,28-09-20 20:33,54.907725,11.8748416,27,0,280,0,0,0,0,0
581436,28-09-20 20:34,54.907725,11.8748416,27,0,280,0,0,0,0,0
581437,28-09-20 20:35,54.907725,11.8748416,27,0,280,0,0,0,0,0
581438,28-09-20 20:36,54.907725,11.8748416,27,0,280,0,0,0,0,0
581439,28-09-20 20:37,54.907725,11.8748416,27,0,280,0,0,0,0,0
581440,28-09-20 20:38,54.907725,11.8748416,27,0,280,0,0,0,0,0
581441,28-09-20 20:39,54.907725,11.8748416,27,0,280,0,0,0,0,0
581442,28-09-20 20:40,54.907725,11.8748416,27,0,280,0,0,0,0,0
581443,28-09-20 20:41,54.907725,11.8748416,27,0,280,0,0,0,0,0
581444,28-09-20 20:42,54.907725,11.8748416,27,0,280,0,0,0,0,0
581445,29-09-20 6:44,54.9077416,11.8757016,77,3.239742,182,0,4.351580982,-3.237768437,1.66E-05,0.00086
581446,29-09-20 6:44,54.9078666,11.8753266,68,3.779699,212,0,4.482584204,-3.205366541,0.000125,-0.000375
581447,29-09-20 6:44,54.9078583,11.87534,66,3.779699,218,0,4.350743492,-2.978443457,-8.3E-06,1.34E-05
581448,29-09-20 6:44,54.907845,11.8753316,64,5.39957,204,0,6.022453869,-4.932752647,-1.33E-05,-8.4E-06
581449,29-09-20 6:44,54.9078199,11.8753383,61,6.479484,207,0,6.883693627,-5.773262517,-2.51E-05,6.7E-06
581450,29-09-20 6:44,54.9077616,11.875365,59,8.099355,194,0,8.312515125,-7.858769542,-5.83E-05,2.67E-05
581451,29-09-20 6:44,54.9077616,11.875365,59,8.099355,194,0,8.312515125,-7.858769542,0,0
581452,29-09-20 6:44,54.9077616,11.875365,59,8.099355,194,0,8.312515125,-7.858769542,0,0
581453,29-09-20 6:44,54.9077616,11.875365,59,8.099355,194,0,8.312515125,-7.858769542,0,0
581454,29-09-20 6:44,54.9077616,11.875365,0,0,0,0,0,0,0,0
581455,29-09-20 6:44,54.9077616,11.875365,0,0,0,0,0,0,0,0
581456,29-09-20 6:44,54.9077616,11.875365,0,0,0,0,0,0,0,0
581457,29-09-20 6:44,54.9077616,11.875365,0,0,0,0,0,0,0,0
581458,29-09-20 6:44,54.9077616,11.875365,0,0,0,0,0,0,0,0
581459,29-09-20 6:44,54.9077616,11.875365,0,0,0,0,0,0,0,0
581460,29-09-20 6:44,54.9077616,11.875365,0,0,0,0,0,0,0,0
581461,29-09-20 6:44,54.9077616,11.875365,0,0,0,0,0,0,0,0
581462,29-09-20 6:44,54.9060933,11.8751516,55,23.758108,177,0,22.1581917,-23.72554834,-0.0016683,-0.0002134
581463,29-09-20 6:44,54.905765,11.8751483,62,26.99785,175,0,28.14533802,-26.89511503,-0.0003283,-3.3E-06
581464,29-09-20 6:44,54.9055133,11.8751416,67,29.697635,172,0,33.1933285,-29.40861966,-0.0002517,-6.7E-06
581465,29-09-20 6:44,54.9052666,11.8751333,73,32.937377,170,0,39.69171051,-32.43698423,-0.0002467,-8.3E-06
581466,29-09-20 6:44,54.90503,11.8751483,78,33.477334,171,0,43.02535068,-33.06517247,-0.0002366,1.5E-05
581467,29-09-20 6:44,54.9048099,11.875145,83,33.477334,174,0,45.78338598,-33.29394166,-0.0002201,-3.3E-06
581468,29-09-20 6:44,54.9045966,11.87513,88,34.017291,175,0,49.23099007,-33.88784494,-0.0002133,-1.5E-05
581469,29-09-20 6:44,54.904455,11.8749466,87,35.097205,179,0,50.02198462,-35.09185953,-0.0001416,-0.0001834
581470,29-09-20 6:44,54.9042966,11.8747933,86,37.257033,184,0,52.06368551,-37.16627674,-0.0001584,-0.0001533
581471,29-09-20 6:44,54.9040983,11.8746433,82,39.416861,187,0,52.06654663,-39.1230537,-0.0001983,-0.00015
581472,29-09-20 6:44,54.9038816,11.874485,77,41.036732,189,0,50.55379053,-40.53150173,-0.0002167,-0.0001583
581473,29-09-20 6:44,54.9036066,11.8742683,71,43.19656,191,0,48.59973699,-42.40291753,-0.000275,-0.0002167
581474,29-09-20 6:44,54.90335,11.8741583,76,42.656603,192,0,51.49781554,-41.72445388,-0.0002566,-0.00011
581475,29-09-20 6:44,54.9028633,11.8738233,82,43.19656,195,0,56.12927371,-41.72467291,-0.0004867,-0.000335
581476,29-09-20 6:44,54.9025766,11.8734166,76,43.19656,198,0,52.02225368,-41.08236987,-0.0002867,-0.0004067
581477,29-09-20 6:44,54.9023233,11.87328,76,43.736517,198,0,52.54207165,-41.59589949,-0.0002533,-0.0001366
581478,29-09-20 6:44,54.9020983,11.87317,75,43.19656,197,0,51.33775034,-41.30907577,-0.000225,-0.00011
581479,29-09-20 6:44,54.90189,11.8730716,74,43.736517,194,0,51.15938555,-42.43735553,-0.0002083,-9.84E-05
581480,29-09-20 6:45,54.9017183,11.8722849,15,43.736517,196,0,10.37014572,-42.04223851,-0.0001717,-0.0007867
581481,29-09-20 6:45,54.901525,11.8721966,13,43.19656,193,0,8.898543393,-42.08943497,-0.0001933,-8.83E-05
581482,29-09-20 6:45,54.90134,11.872115,12,42.116646,191,0,8.047705861,-41.34284459,-0.000185,-8.16E-05
581483,29-09-20 6:45,54.9011533,11.8721266,13,39.416861,185,0,8.254452514,-39.26686794,-0.0001867,1.16E-05
581484,29-09-20 6:45,54.9009833,11.8721166,12,35.637162,183,0,6.991802691,-35.58832251,-0.00017,-1E-05
581485,29-09-20 6:45,54.90083,11.8721316,11,32.39742,181,0,5.893676523,-32.39248572,-0.0001533,1.5E-05
581486,29-09-20 6:45,54.9006833,11.8721516,11,29.697635,178,0,5.449650948,-29.679544,-0.0001467,2E-05
581487,29-09-20 6:45,54.9005533,11.8721716,10,28.077764,179,0,4.706694999,-28.07348762,-0.00013,2E-05
581488,29-09-20 6:45,54.90042,11.8722016,9,28.077764,178,0,4.236025499,-28.06065978,-0.0001333,3E-05
581489,29-09-20 6:45,54.900285,11.8722049,8,29.697635,180,0,3.963382508,-29.697635,-0.000135,3.3E-06
581490,29-09-20 6:45,54.9001283,11.8723466,13,30.237592,180,0,6.546629604,-30.237592,-0.0001567,0.0001417
581491,29-09-20 6:45,54.8999916,11.8723416,13,30.237592,184,0,6.546629604,-30.16393475,-0.0001367,-5E-06
581492,29-09-20 6:45,54.8998566,11.8723083,13,30.237592,190,0,6.546629604,-29.77821503,-0.000135,-3.33E-05
581493,29-09-20 6:45,54.8997133,11.8722416,13,31.857463,196,0,6.861502745,-30.62335891,-0.0001433,-6.67E-05
581494,29-09-20 6:45,54.8995616,11.87216,13,34.017291,197,0,7.272759897,-32.53089717,-0.0001517,-8.16E-05
581495,29-09-20 6:45,54.8994066,11.8720699,14,35.097205,196,0,8.049514766,-33.7375988,-0.000155,-9.01E-05
581496,29-09-20 6:45,54.899245,11.8719799,13,36.717076,195,0,7.772232982,-35.46597197,-0.0001616,-9E-05
581497,29-09-20 6:45,54.8990749,11.8719016,13,36.717076,195,0,7.772232982,-35.46597197,-0.0001701,-7.83E-05
581498,29-09-20 6:45,54.8989033,11.871825,12,37.257033,195,0,7.264700303,-35.98753039,-0.0001716,-7.66E-05
581499,29-09-20 6:45,54.8987116,11.8717883,13,37.79699,195,0,7.967252052,-36.5090888,-0.0001917,-3.67E-05
581500,29-09-20 6:45,54.8985316,11.8717149,14,39.416861,196,0,8.8894104,-37.88991865,-0.00018,-7.34E-05
581501,29-09-20 6:45,54.898355,11.87163,14,38.336947,199,0,8.683989488,-36.24829552,-0.0001766,-8.49E-05
581502,29-09-20 6:45,54.8981816,11.871525,13,38.876904,200,0,8.159440846,-36.53233981,-0.0001734,-0.000105
581503,29-09-20 6:45,54.89801,11.8714133,13,38.876904,203,0,8.159440846,-35.78637882,-0.0001716,-0.0001117
581504,29-09-20 6:45,54.89784,11.87129,13,39.416861,203,0,8.254452514,-36.28341186,-0.00017,-0.0001233
581505,29-09-20 6:45,54.8976683,11.8711633,13,39.416861,203,0,8.254452514,-36.28341186,-0.0001717,-0.0001267
581506,29-09-20 6:45,54.8975,11.87103,13,38.876904,206,0,8.159440846,-34.94232985,-0.0001683,-0.0001333
581507,29-09-20 6:45,54.8973333,11.8708833,13,39.956818,210,0,8.348731091,-34.60361944,-0.0001667,-0.0001467
581508,29-09-20 6:45,54.8971733,11.8707166,13,40.496775,213,0,8.442268204,-33.96345329,-0.00016,-0.0001667
581509,29-09-20 6:45,54.8970149,11.87053,13,41.576689,217,0,8.627084873,-33.20462023,-0.0001584,-0.0001866
581510,29-09-20 6:45,54.896855,11.870315,13,43.736517,219,0,8.987459624,-33.98965755,-0.0001599,-0.000215
581511,29-09-20 6:45,54.8966966,11.8700883,13,44.816431,220,0,9.162889686,-34.33137793,-0.0001584,-0.0002267
581512,29-09-20 6:45,54.8965383,11.869845,12,45.356388,222,0,8.537896558,-33.70636504,-0.0001583,-0.0002433
581513,29-09-20 6:45,54.896385,11.8695866,11,46.436302,224,0,7.970695169,-33.40348021,-0.0001533,-0.0002584
581514,29-09-20 6:45,54.896235,11.8693149,11,46.976259,227,0,8.041781516,-32.0377316,-0.00015,-0.0002717
581515,29-09-20 6:45,54.896095,11.8690266,10,46.976259,230,0,7.310710469,-30.19575723,-0.00014,-0.0002883
581516,29-09-20 6:45,54.89596,11.8687283,10,47.516216,232,0,7.374685146,-29.25390364,-0.000135,-0.0002983
581517,29-09-20 6:45,54.8958233,11.8684249,10,48.056173,231,0,7.438004864,-30.24272958,-0.0001367,-0.0003034
581518,29-09-20 6:45,54.8956816,11.8681133,10,48.056173,231,0,7.438004864,-30.24272958,-0.0001417,-0.0003116
581519,29-09-20 6:45,54.8955383,11.8677983,10,50.216001,231,0,7.684622572,-31.60195339,-0.0001433,-0.000315
581520,29-09-20 6:45,54.8953916,11.8674833,11,50.755958,230,0,8.519042761,-32.62530092,-0.0001467,-0.000315
581521,29-09-20 6:45,54.8952466,11.8671716,11,50.216001,230,0,8.453084829,-32.27822325,-0.000145,-0.0003117
581522,29-09-20 6:45,54.8951033,11.8668633,12,48.59613,231,0,9.000796801,-30.58253554,-0.0001433,-0.0003083
581523,29-09-20 6:45,54.8951033,11.8668633,12,48.59613,231,0,9.000796801,-30.58253554,0,0
581524,29-09-20 6:45,54.8949683,11.8665633,12,47.516216,232,0,8.849622175,-29.25390364,-0.000135,-0.0003
581525,29-09-20 6:45,54.89484,11.8662733,12,44.276474,233,0,8.377456305,-26.64624723,-0.0001283,-0.00029
581526,29-09-20 6:45,54.8947216,11.8660133,13,40.496775,233,0,8.442268204,-24.37156758,-0.0001184,-0.00026
581527,29-09-20 6:45,54.8946016,11.8657783,15,38.336947,233,0,9.304274451,-23.07175065,-0.00012,-0.000235
581528,29-09-20 6:45,54.8944983,11.8655549,17,35.097205,234,0,9.774410787,-20.6296195,-0.0001033,-0.0002234
581529,29-09-20 6:45,54.894405,11.865345,18,31.857463,233,0,9.500542263,-19.17229983,-9.33E-05,-0.0002099
581530,29-09-20 6:45,54.8943216,11.8651583,19,27.537807,233,0,8.78434244,-16.57266596,-8.34E-05,-0.0001867
581531,29-09-20 6:45,54.894255,11.865,20,22.678194,234,0,7.711098177,-13.32990798,-6.66E-05,-0.0001583
581532,29-09-20 6:45,54.8942033,11.8648733,21,18.898495,237,0,6.801743908,-10.29285808,-5.17E-05,-0.0001267
581534,29-09-20 6:45,54.8941666,11.864755,22,16.19871,242,0,6.137328674,-7.604833699,-3.67E-05,-0.0001183
581535,29-09-20 6:45,54.8941666,11.864755,22,16.19871,242,0,6.137328674,-7.604833699,0,0
581536,29-09-20 6:45,54.8941533,11.8646383,22,14.578839,256,0,5.537662633,-3.526940367,-1.33E-05,-0.0001167
581537,29-09-20 6:45,54.89418,11.864525,23,15.658753,280,0,6.207868774,2.719113923,2.67E-05,-0.0001133
581538,29-09-20 6:45,54.894215,11.864395,24,18.358538,286,0,7.559095242,5.060298871,3.5E-05,-0.00013
581539,29-09-20 6:45,54.8942566,11.8642616,25,18.898495,292,0,8.097314177,7.079500833,4.16E-05,-0.0001334
581540,29-09-20 6:45,54.8943016,11.8640733,26,24.838022,286,0,10.92141439,6.846286708,4.5E-05,-0.0001883
581541,29-09-20 6:45,54.8943483,11.8638566,27,29.157678,285,0,13.15479785,7.546562377,4.67E-05,-0.0002167
581542,29-09-20 6:45,54.8943916,11.8636166,27,31.857463,284,0,14.25081339,7.707017838,4.33E-05,-0.00024
581543,29-09-20 6:46,54.8944366,11.8633516,28,35.097205,284,0,16.09902953,8.490782364,4.5E-05,-0.000265
581544,29-09-20 6:46,54.8944816,11.8630649,28,37.79699,284,0,17.16023519,9.143919469,4.5E-05,-0.0002867
581545,29-09-20 6:46,54.8945366,11.8627566,28,40.496775,285,0,18.1833469,10.48133664,5.5E-05,-0.0003083
581546,29-09-20 6:46,54.8945933,11.8624266,28,43.19656,285,0,19.16609346,11.18009241,5.67E-05,-0.00033
581547,29-09-20 6:46,54.8946516,11.8620783,28,45.356388,285,0,19.92175864,11.73909703,5.83E-05,-0.0003483
581548,29-09-20 6:46,54.8947116,11.8617116,28,47.516216,285,0,20.64911841,12.29810165,6E-05,-0.0003667
581549,29-09-20 6:46,54.8947733,11.8613316,28,49.136087,285,0,21.17543958,12.71735512,6.17E-05,-0.00038
581550,29-09-20 6:46,54.8948366,11.86094,29,50.755958,285,0,22.45929455,13.13660858,6.33E-05,-0.0003916
581551,29-09-20 6:46,54.8949,11.8605366,29,51.835872,284,0,22.80107354,12.54023241,6.34E-05,-0.0004034
581552,29-09-20 6:46,54.894965,11.8601233,30,53.455743,284,0,24.10191485,12.93211468,6.5E-05,-0.0004133
581553,29-09-20 6:46,54.8950333,11.8597016,30,54.535657,285,0,24.43430252,14.11486667,6.83E-05,-0.0004217
581554,29-09-20 6:46,54.8951049,11.8592683,32,56.155528,284,0,26.57767782,13.58525178,7.16E-05,-0.0004333
581555,29-09-20 6:46,54.8951783,11.8588283,32,56.695485,286,0,26.74445104,15.62739357,7.34E-05,-0.00044
581556,29-09-20 6:46,54.8952566,11.8583866,33,57.775399,285,0,27.9168215,14.9533736,7.83E-05,-0.0004417
581557,29-09-20 6:46,54.8953283,11.8579333,33,57.775399,284,0,27.9168215,13.97713405,7.17E-05,-0.0004533
581558,29-09-20 6:46,54.8953966,11.857465,34,59.935227,283,0,29.42562638,13.48249251,6.83E-05,-0.0004683
581559,29-09-20 6:46,54.8954616,11.8569816,34,61.555098,282,0,29.89536911,12.7980245,6.5E-05,-0.0004834
581560,29-09-20 6:46,54.89552,11.856485,35,62.635012,280,0,31.08337525,10.87645569,5.84E-05,-0.0004966
581561,29-09-20 6:46,54.8955733,11.8559816,36,63.714926,279,0,32.27766565,9.967210364,5.33E-05,-0.0005034
581562,29-09-20 6:46,54.895625,11.8554699,36,63.714926,278,0,32.27766565,8.867403829,5.17E-05,-0.0005117
581563,29-09-20 6:46,54.8956633,11.8549533,35,63.714926,277,0,31.38106382,7.764896197,3.83E-05,-0.0005166
581564,29-09-20 6:46,54.8957099,11.8544383,35,63.714926,277,0,31.38106382,7.764896197,4.66E-05,-0.000515
581565,29-09-20 6:46,54.895745,11.8539166,34,64.254883,277,0,30.62499889,7.830700402,3.51E-05,-0.0005217
581566,29-09-20 6:46,54.8957883,11.8533999,33,64.79484,278,0,29.85802722,9.017698809,4.33E-05,-0.0005167
581567,29-09-20 6:46,54.8958316,11.8528816,32,64.79484,277,0,28.95323851,7.896504607,4.33E-05,-0.0005183
581568,29-09-20 6:46,54.8958749,11.8523616,32,64.79484,277,0,28.95323851,7.896504607,4.33E-05,-0.00052
581569,29-09-20 6:46,54.895915,11.8518449,31,64.254883,277,0,27.9227931,7.830700402,4.01E-05,-0.0005167
581570,29-09-20 6:46,54.8959516,11.8513316,31,63.174969,277,0,27.66405146,7.699091992,3.66E-05,-0.0005133
581571,29-09-20 6:46,54.8959833,11.85083,31,63.714926,276,0,27.79465653,6.660023302,3.17E-05,-0.0005016
581572,29-09-20 6:46,54.8960183,11.850355,31,57.775399,277,0,26.22489292,7.041049941,3.5E-05,-0.000475
581573,29-09-20 6:46,54.8960533,11.8499066,31,54.535657,277,0,25.24877927,6.646224711,3.5E-05,-0.0004484
581574,29-09-20 6:46,54.8960849,11.8494816,31,51.835872,276,0,24.37356137,5.418324042,3.16E-05,-0.000425
581575,29-09-20 6:46,54.8961149,11.8490716,30,50.755958,276,0,23.23375299,5.305442291,3E-05,-0.00041
581576,29-09-20 6:46,54.89614,11.84867,31,49.676044,275,0,23.63433283,4.329552512,2.51E-05,-0.0004016
581577,29-09-20 6:46,54.8961583,11.8482733,30,48.59613,275,0,22.501992,4.235431805,1.83E-05,-0.0003967
581578,29-09-20 6:46,54.8961733,11.8478833,30,48.056173,273,0,22.31401459,2.515065767,1.5E-05,-0.00039
581579,29-09-20 6:46,54.896185,11.8474983,30,47.516216,273,0,22.12405544,2.486806601,1.17E-05,-0.000385
581580,29-09-20 6:46,54.896185,11.8474983,30,47.516216,273,0,22.12405544,2.486806601,0,0
581581,29-09-20 6:46,54.8961983,11.8471166,30,46.976259,272,0,21.93213141,1.639447796,1.33E-05,-0.0003817
581582,29-09-20 6:46,54.8962033,11.8467383,30,46.976259,271,0,21.93213141,0.819848765,5E-06,-0.0003783
581583,29-09-20 6:46,54.896205,11.8463616,29,46.436302,271,0,21.0136509,0.810425216,1.7E-06,-0.0003767
581584,29-09-20 6:46,54.8962033,11.8459833,29,46.436302,270,0,21.0136509,-8.53E-15,-1.7E-06,-0.0003783
581585,29-09-20 6:46,54.8962016,11.8456116,28,45.896345,270,0,20.10629328,-8.43E-15,-1.7E-06,-0.0003717
581586,29-09-20 6:46,54.8962016,11.8452433,28,45.896345,269,0,20.10629328,-0.801001667,0,-0.0003683
581587,29-09-20 6:46,54.8961983,11.8448766,28,46.436302,269,0,20.28904225,-0.810425216,-3.3E-06,-0.0003667
581588,29-09-20 6:46,54.896195,11.844505,28,45.896345,268,0,20.10629328,-1.601759341,-3.3E-06,-0.0003716
581589,29-09-20 6:46,54.8961916,11.8441333,28,46.436302,268,0,20.28904225,-1.620603569,-3.4E-06,-0.0003717
581590,29-09-20 6:46,54.8961883,11.8437633,28,46.436302,267,0,20.28904225,-2.43028827,-3.3E-06,-0.00037
581591,29-09-20 6:46,54.8961816,11.84339,28,46.436302,267,0,20.28904225,-2.43028827,-6.7E-06,-0.0003733
581592,29-09-20 6:46,54.8961716,11.8430166,27,46.436302,266,0,19.5644336,-3.239232681,-1E-05,-0.0003734
581593,29-09-20 6:46,54.8961583,11.8426416,27,46.436302,266,0,19.5644336,-3.239232681,-1.33E-05,-0.000375
581594,29-09-20 6:46,54.8961433,11.8422683,26,46.436302,265,0,18.83982494,-4.047190391,-1.5E-05,-0.0003733
581595,29-09-20 6:46,54.8961266,11.8418966,26,46.976259,264,0,19.00784722,-4.910356163,-1.67E-05,-0.0003717
581596,29-09-20 6:46,54.8961066,11.8415216,25,46.976259,264,0,18.27677617,-4.910356163,-2E-05,-0.000375
581597,29-09-20 6:46,54.8960833,11.8411483,25,46.976259,264,0,18.27677617,-4.910356163,-2.33E-05,-0.0003733
581598,29-09-20 6:46,54.8960616,11.8407733,26,46.976259,263,0,19.00784722,-5.72496584,-2.17E-05,-0.000375
581599,29-09-20 6:46,54.8960366,11.8403983,26,46.976259,263,0,19.00784722,-5.72496584,-2.5E-05,-0.000375
581600,29-09-20 6:46,54.8960116,11.8400216,26,46.976259,263,0,19.00784722,-5.72496584,-2.5E-05,-0.0003767
581601,29-09-20 6:46,54.895985,11.8396449,27,46.976259,263,0,19.73891827,-5.72496584,-2.66E-05,-0.0003767
581602,29-09-20 6:46,54.89596,11.8392666,27,46.976259,264,0,19.73891827,-4.910356163,-2.5E-05,-0.0003783
581603,29-09-20 6:46,54.895935,11.8388866,27,47.516216,263,0,19.91164989,-5.790770045,-2.5E-05,-0.00038
581604,29-09-20 6:47,54.8959066,11.8385066,27,47.516216,263,0,19.91164989,-5.790770045,-2.84E-05,-0.00038
581605,29-09-20 6:47,54.89588,11.838125,27,48.056173,263,0,20.08261313,-5.85657425,-2.66E-05,-0.0003816
581606,29-09-20 6:47,54.8958533,11.83774,26,48.056173,263,0,19.33881265,-5.85657425,-2.67E-05,-0.000385
581607,29-09-20 6:47,54.8958266,11.8373549,26,48.59613,263,0,19.5017264,-5.922378455,-2.67E-05,-0.0003851
581608,29-09-20 6:47,54.8958033,11.8369566,26,51.295915,265,0,20.29003152,-4.470733572,-2.33E-05,-0.0003983
581609,29-09-20 6:47,54.8957816,11.8365549,25,50.755958,265,0,19.36146082,-4.423673218,-2.17E-05,-0.0004017
581610,29-09-20 6:47,54.8957516,11.8361683,24,49.136087,263,0,18.15037678,-5.98818266,-3E-05,-0.0003866
581611,29-09-20 6:47,54.8957216,11.8357699,23,49.676044,263,0,17.53515016,-6.053986865,-3E-05,-0.0003984
581612,29-09-20 6:47,54.8956933,11.8353733,23,50.216001,263,0,17.67463191,-6.11979107,-2.83E-05,-0.0003966
581613,29-09-20 6:47,54.8956633,11.8349683,22,50.755958,263,0,17.03808552,-6.185595275,-3E-05,-0.000405
581614,29-09-20 6:47,54.8956349,11.8345633,22,50.755958,263,0,17.03808552,-6.185595275,-2.84E-05,-0.000405
581615,29-09-20 6:47,54.8956066,11.8341566,21,50.755958,263,0,16.26362709,-6.185595275,-2.83E-05,-0.0004067
581616,29-09-20 6:47,54.8955783,11.833745,20,51.295915,263,0,15.60771655,-6.25139948,-2.83E-05,-0.0004116
581617,29-09-20 6:47,54.8955516,11.8333349,20,51.295915,263,0,15.60771655,-6.25139948,-2.67E-05,-0.0004101
581618,29-09-20 6:47,54.8955266,11.832925,20,51.295915,264,0,15.60771655,-5.361883167,-2.5E-05,-0.0004099
581619,29-09-20 6:47,54.895505,11.8325116,20,51.295915,265,0,15.60771655,-4.470733572,-2.16E-05,-0.0004134
581620,29-09-20 6:47,54.8954866,11.8320966,20,51.295915,266,0,15.60771655,-3.578222148,-1.84E-05,-0.000415
581621,29-09-20 6:47,54.8954716,11.8316799,20,51.835872,266,0,15.7248783,-3.615887644,-1.5E-05,-0.0004167
581622,29-09-20 6:47,54.8954616,11.8312616,19,51.835872,268,0,14.93863439,-1.809045844,-1E-05,-0.0004183
581623,29-09-20 6:47,54.895455,11.8308433,19,51.835872,269,0,14.93863439,-0.904660706,-6.6E-06,-0.0004183
581624,29-09-20 6:47,54.8954533,11.8304216,19,52.375829,270,0,15.04861132,-9.63E-15,-1.7E-06,-0.0004217
581625,29-09-20 6:47,54.895455,11.8299966,18,52.375829,271,0,14.25657915,0.914084255,1.7E-06,-0.000425
581626,29-09-20 6:47,54.8954633,11.8295716,18,52.915786,272,0,14.35950167,1.846734299,8.3E-06,-0.000425
581627,29-09-20 6:47,54.8954766,11.8291433,17,52.915786,273,0,13.56175158,2.769398261,1.33E-05,-0.0004283
581628,29-09-20 6:47,54.8954949,11.8287133,16,52.915786,274,0,12.76400149,3.691218637,1.83E-05,-0.00043
581629,29-09-20 6:47,54.8955166,11.8282783,15,53.9957,275,0,12.13459319,4.706035339,2.17E-05,-0.000435
581630,29-09-20 6:47,54.8955416,11.8278416,14,54.535657,276,0,11.40267451,5.70052842,2.5E-05,-0.0004367
581631,29-09-20 6:47,54.8955716,11.8274033,13,53.9957,277,0,10.51664743,6.580420506,3E-05,-0.0004383
581632,29-09-20 6:47,54.8956016,11.8269616,12,55.075614,276,0,9.838899446,5.756969295,3E-05,-0.0004417
581633,29-09-20 6:47,54.8956316,11.8265166,11,55.615571,276,0,9.077937068,5.81341017,3E-05,-0.000445
581634,29-09-20 6:47,54.8956616,11.8260716,10,55.075614,276,0,8.199082872,5.756969295,3E-05,-0.000445
581635,29-09-20 6:47,54.89569,11.8256266,10,55.615571,275,0,8.252670062,4.847216399,2.84E-05,-0.000445
581636,29-09-20 6:47,54.8957133,11.825175,10,55.615571,275,0,8.252670062,4.847216399,2.33E-05,-0.0004516
581637,29-09-20 6:47,54.8957366,11.824725,9,55.615571,274,0,7.427403056,3.879546118,2.33E-05,-0.00045
581638,29-09-20 6:47,54.895755,11.824275,9,55.615571,273,0,7.427403056,2.91069409,1.84E-05,-0.00045
581639,29-09-20 6:47,54.89577,11.8238233,9,56.155528,272,0,7.474971887,1.959799664,1.5E-05,-0.0004517
581640,29-09-20 6:47,54.8957833,11.8233716,8,56.155528,273,0,6.644419455,2.938953256,1.33E-05,-0.0004517
581641,29-09-20 6:47,54.8957966,11.8229166,7,56.155528,272,0,5.813867023,1.959799664,1.33E-05,-0.000455
581642,29-09-20 6:47,54.89581,11.8224616,7,56.695485,272,0,5.850348664,1.978643892,1.34E-05,-0.000455
581643,29-09-20 6:47,54.8958216,11.8219999,6,57.235442,272,0,5.045409194,1.997488119,1.16E-05,-0.0004617
581644,29-09-20 6:47,54.8958333,11.8215366,5,57.775399,272,0,4.229821439,2.016332347,1.17E-05,-0.0004633
581645,29-09-20 6:47,54.895845,11.82107,4,57.775399,272,0,3.383857151,2.016332347,1.17E-05,-0.0004666
581646,29-09-20 6:47,54.8958583,11.8206016,3,58.315356,272,0,2.552855736,2.035176574,1.33E-05,-0.0004684
581647,29-09-20 6:47,54.8958683,11.8201283,2,58.315356,272,0,1.701903824,2.035176574,1E-05,-0.0004733
581648,29-09-20 6:47,54.8958783,11.8196533,1,58.855313,272,0,0.855863962,2.054020802,1E-05,-0.000475
581649,29-09-20 6:47,54.8958899,11.8191766,1,58.855313,272,0,0.855863962,2.054020802,1.16E-05,-0.0004767
581650,29-09-20 6:47,54.8959033,11.8186966,0,59.935227,272,0,0,2.091709257,1.34E-05,-0.00048
581651,29-09-20 6:47,54.8959116,11.8182116,0,60.475184,272,0,0,2.110553485,8.3E-06,-0.000485
581652,29-09-20 6:47,54.8959216,11.8177216,0,61.015141,272,0,0,2.129397712,1E-05,-0.00049
581653,29-09-20 6:47,54.8959316,11.8172266,-1,61.555098,272,0,-0.879275562,2.14824194,1E-05,-0.000495
581654,29-09-20 6:47,54.8959416,11.8167283,-2,62.095055,272,0,-1.767450483,2.167086167,1E-05,-0.0004983
581655,29-09-20 6:47,54.8959516,11.816225,-2,62.635012,272,0,-1.776192872,2.185930395,1E-05,-0.0005033
581656,29-09-20 6:47,54.8959649,11.8157199,-3,63.174969,272,0,-2.677166271,2.204774622,1.33E-05,-0.0005051
581657,29-09-20 6:47,54.8959783,11.8152083,-4,63.174969,272,0,-3.569555028,2.204774622,1.34E-05,-0.0005116
581658,29-09-20 6:47,54.8959933,11.8146949,-4,63.714926,272,0,-3.586407294,2.22361885,1.5E-05,-0.0005134
581659,29-09-20 6:47,54.89601,11.8141799,-4,63.714926,273,0,-3.586407294,3.334581579,1.67E-05,-0.000515
581660,29-09-20 6:47,54.8960283,11.8136633,-4,64.254883,273,0,-3.602941046,3.362840745,1.83E-05,-0.0005166
581661,29-09-20 6:47,54.8960516,11.813145,-5,64.254883,274,0,-4.503676307,4.482194059,2.33E-05,-0.0005183
581662,29-09-20 6:47,54.89608,11.8126283,-4,64.254883,275,0,-3.602941046,5.600182053,2.84E-05,-0.0005167
581663,29-09-20 6:47,54.89611,11.8121116,-4,64.254883,275,0,-3.602941046,5.600182053,3E-05,-0.0005167
581664,29-09-20 6:48,54.8961416,11.8115966,-4,64.254883,276,0,-3.602941046,6.716464177,3.16E-05,-0.000515
581665,29-09-20 6:48,54.8961749,11.8110816,-4,64.254883,276,0,-3.602941046,6.716464177,3.33E-05,-0.000515
581666,29-09-20 6:48,54.8962083,11.8105666,-4,64.254883,276,0,-3.602941046,6.716464177,3.34E-05,-0.000515
581667,29-09-20 6:48,54.89624,11.8100533,-4,64.254883,276,0,-3.602941046,6.716464177,3.17E-05,-0.0005133
581668,29-09-20 6:48,54.8962733,11.8095399,-4,64.254883,276,0,-3.602941046,6.716464177,3.33E-05,-0.0005134
581669,29-09-20 6:48,54.896305,11.8090283,-4,63.714926,276,0,-3.586407294,6.660023302,3.17E-05,-0.0005116
581670,29-09-20 6:48,54.8963383,11.8085183,-4,63.714926,276,0,-3.586407294,6.660023302,3.33E-05,-0.00051
581671,29-09-20 6:48,54.8963733,11.8080083,-4,63.714926,276,0,-3.586407294,6.660023302,3.5E-05,-0.00051
581672,29-09-20 6:48,54.8964066,11.8075,-4,63.174969,276,0,-3.569555028,6.603582427,3.33E-05,-0.0005083
581673,29-09-20 6:48,54.89644,11.8069933,-5,63.174969,275,0,-4.461943784,5.506061346,3.34E-05,-0.0005067
581674,29-09-20 6:48,54.8964699,11.8064883,-5,62.635012,276,0,-4.440482179,6.547141551,2.99E-05,-0.000505
581675,29-09-20 6:48,54.8965033,11.8059849,-4,62.635012,276,0,-3.552385743,6.547141551,3.34E-05,-0.0005034
581676,29-09-20 6:48,54.8965333,11.8054816,-4,62.095055,275,0,-3.534900966,5.411940639,3E-05,-0.0005033
581677,29-09-20 6:48,54.8965649,11.804985,-3,61.555098,276,0,-2.637826686,6.4342598,3.16E-05,-0.0004966
581678,29-09-20 6:48,54.8965966,11.8044966,-2,61.015141,276,0,-1.749495585,6.377818925,3.17E-05,-0.0004884
581679,29-09-20 6:48,54.8966266,11.8040116,-2,59.935227,276,0,-1.730919199,6.264937174,3E-05,-0.000485
581680,29-09-20 6:48,54.896655,11.8035349,-1,58.855313,275,0,-0.855863962,5.129578519,2.84E-05,-0.0004767
581681,29-09-20 6:48,54.896655,11.8035349,-1,58.855313,275,0,-0.855863962,5.129578519,0,0
581682,29-09-20 6:48,54.8966833,11.803075,-1,56.155528,276,0,-0.830552432,5.869851046,2.83E-05,-0.0004599
581683,29-09-20 6:48,54.8967116,11.8026333,0,53.9957,276,0,0,5.644087544,2.83E-05,-0.0004417
581684,29-09-20 6:48,54.89674,11.8022116,0,51.835872,276,0,0,5.418324042,2.84E-05,-0.0004217
581685,29-09-20 6:48,54.8967683,11.8018166,0,48.056173,276,0,0,5.023237914,2.83E-05,-0.000395
581686,29-09-20 6:48,54.8967933,11.8014399,0,45.896345,276,0,0,4.797474412,2.5E-05,-0.0003767
581687,29-09-20 6:48,54.896815,11.8010899,0,43.736517,276,0,0,4.571710911,2.17E-05,-0.00035
581688,29-09-20 6:48,54.8968366,11.8007566,0,40.496775,276,0,0,4.233065658,2.16E-05,-0.0003333
581689,29-09-20 6:48,54.8968566,11.80045,0,37.257033,276,0,0,3.894420405,2E-05,-0.0003066
581690,29-09-20 6:48,54.8968766,11.8001716,0,33.477334,277,0,0,4.079860714,2E-05,-0.0002784
581691,29-09-20 6:48,54.8969033,11.7999183,1,32.39742,279,0,0.535788775,5.068073066,2.67E-05,-0.0002533
581692,29-09-20 6:48,54.896925,11.7996933,1,28.077764,279,0,0.4706695,4.392329991,2.17E-05,-0.000225
581693,29-09-20 6:48,54.8969366,11.7995349,2,22.138237,277,0,0.753685018,2.697972407,1.16E-05,-0.0001584
581694,29-09-20 6:48,54.8969383,11.79955,3,19.978409,276,0,1.024998033,2.088312391,1.7E-06,1.51E-05
581787,29-09-20 6:48,54.8969483,11.7994366,3,18.898495,278,0,0.971677701,2.630162153,1E-05,-0.0001134
581788,29-09-20 6:48,54.8969483,11.7994366,3,18.898495,278,0,0.971677701,2.630162153,0,0
581789,29-09-20 6:48,54.8969483,11.7993099,4,17.818581,274,0,1.224016256,1.242961378,0,-0.0001267
581790,29-09-20 6:48,54.89692,11.7992233,4,15.658753,264,0,1.079629352,-1.636785388,-2.83E-05,-8.66E-05
581791,29-09-20 6:48,54.89692,11.7992233,4,15.658753,264,0,1.079629352,-1.636785388,0,0
581792,29-09-20 6:48,54.89674,11.79932,5,15.118796,178,0,1.3041061,-15.10958604,-0.00018,9.67E-05
581793,29-09-20 6:48,54.8966399,11.7993516,6,18.358538,175,0,1.88977381,-18.28867822,-0.0001001,3.16E-05
581794,29-09-20 6:48,54.8965349,11.7993616,6,19.978409,179,0,2.049996065,-19.97536619,-0.000105,1E-05
581795,29-09-20 6:48,54.89642,11.7993716,6,21.59828,179,0,2.208579846,-21.59499048,-0.0001149,1E-05
581796,29-09-20 6:48,54.8962883,11.7993966,6,24.298065,175,0,2.46890147,-24.20560353,-0.0001317,2.5E-05
581797,29-09-20 6:48,54.8962883,11.7993966,6,24.298065,175,0,2.46890147,-24.20560353,0,0
581798,29-09-20 6:48,54.8961466,11.79942,6,26.99785,174,0,2.723742389,-26.84995295,-0.0001417,2.34E-05
581799,29-09-20 6:48,54.8960133,11.79945,6,26.99785,174,0,2.723742389,-26.84995295,-0.0001333,3E-05
581800,29-09-20 6:48,54.8960133,11.79945,6,26.99785,174,0,2.723742389,-26.84995295,0,0
581801,29-09-20 6:48,54.8958833,11.7994716,6,25.917936,175,0,2.622500199,-25.81931043,-0.00013,2.16E-05
581802,29-09-20 6:48,54.89576,11.7994833,7,24.298065,176,0,2.880385048,-24.23887613,-0.0001233,1.17E-05
581803,29-09-20 6:48,54.8956483,11.7995,7,22.138237,175,0,2.637897562,-22.05399432,-0.0001117,1.67E-05
581804,29-09-20 6:48,54.8955516,11.7995116,6,19.978409,178,0,2.049996065,-19.96623869,-9.67E-05,1.16E-05
581805,29-09-20 6:48,54.8954716,11.7995166,6,17.278624,179,0,1.782111898,-17.27599238,-8E-05,5E-06
581806,29-09-20 6:48,54.895415,11.7995233,6,12.958968,179,0,1.345519248,-12.95699429,-5.66E-05,6.7E-06
581807,29-09-20 6:48,54.8953716,11.7995383,6,10.79914,177,0,1.124199424,-10.78434015,-4.34E-05,1.5E-05
581808,29-09-20 6:48,54.8953433,11.79957,7,8.639312,163,0,1.051496023,-8.261815154,-2.83E-05,3.17E-05
581809,29-09-20 6:48,54.89536,11.7996466,7,7.019441,108,0,0.855442817,-2.16912656,1.67E-05,7.66E-05
581810,29-09-20 6:48,54.895355,11.7997183,7,8.639312,100,0,1.051496023,-1.500200785,-5E-06,7.17E-05
581811,29-09-20 6:48,54.8953533,11.7998,7,9.179269,99,0,1.116668052,-1.435954035,-1.7E-06,8.17E-05
581812,29-09-20 6:48,54.895355,11.7998833,7,8.639312,99,0,1.051496023,-1.351486151,1.7E-06,8.33E-05
581813,29-09-20 6:48,54.8953533,11.7999583,8,8.099355,97,0,1.127120695,-0.987063076,-1.7E-06,7.5E-05
581814,29-09-20 6:48,54.8953533,11.8000266,8,7.559398,90,0,1.052431548,4.63E-16,0,6.83E-05
581815,29-09-20 6:48,54.89536,11.8000933,8,7.559398,79,0,1.052431548,1.442401138,6.7E-06,6.67E-05
581816,29-09-20 6:48,54.8953716,11.80016,8,7.559398,78,0,1.052431548,1.57168722,1.16E-05,6.67E-05
581817,29-09-20 6:48,54.8953766,11.8002183,8,7.019441,84,0,0.977648933,0.733731381,5E-06,5.83E-05
581818,29-09-20 6:48,54.89538,11.8002733,8,6.479484,94,0,0.902779492,-0.451985956,3.4E-06,5.5E-05
581819,29-09-20 6:49,54.8953783,11.800325,8,5.939527,105,0,0.827829873,-1.537262707,-1.7E-06,5.17E-05
581820,29-09-20 6:49,54.89537,11.80037,9,5.939527,122,0,0.931308607,-3.147469778,-8.3E-06,4.5E-05
581821,29-09-20 6:49,54.8953516,11.8004083,9,5.939527,139,0,0.931308607,-4.482617929,-1.84E-05,3.83E-05
581822,29-09-20 6:49,54.895325,11.8004383,9,5.939527,153,0,0.931308607,-5.292157308,-2.66E-05,3E-05
581823,29-09-20 6:49,54.8952966,11.8004583,9,5.939527,166,0,0.931308607,-5.763097664,-2.84E-05,2E-05
581824,29-09-20 6:49,54.8952666,11.8004616,9,5.939527,180,0,0.931308607,-5.939527,-3E-05,3.3E-06
581825,29-09-20 6:49,54.89524,11.8004516,9,4.859613,201,0,0.762431328,-4.536839577,-2.66E-05,-1E-05
581826,29-09-20 6:49,54.8952216,11.8004233,9,4.859613,231,0,0.762431328,-3.058253554,-1.84E-05,-2.83E-05
581827,29-09-20 6:49,54.8952133,11.8003883,9,4.859613,254,0,0.762431328,-1.339490878,-8.3E-06,-3.5E-05
581828,29-09-20 6:49,54.89521,11.800355,9,2.699785,263,0,0.423924322,-0.329021025,-3.3E-06,-3.33E-05
581829,29-09-20 6:49,54.8952083,11.8003383,9,0,263,0,0,0,-1.7E-06,-1.67E-05
581830,29-09-20 6:49,54.8952066,11.8003383,9,0,263,0,0,0,-1.7E-06,0
581831,29-09-20 6:49,54.8952083,11.80034,9,0,263,0,0,0,1.7E-06,1.7E-06
581832,29-09-20 6:49,54.8952083,11.80034,9,0,263,0,0,0,0,0
581833,29-09-20 6:49,54.8952083,11.80034,9,0,263,0,0,0,0,0
581834,29-09-20 6:49,54.8952083,11.80034,9,0,263,0,0,0,0,0
581835,29-09-20 6:49,54.8952083,11.80034,9,0,263,0,0,0,0,0
581836,29-09-20 6:49,54.8952083,11.80034,9,0,263,0,0,0,0,0
581837,29-09-20 6:49,54.8952083,11.80034,9,0,263,0,0,0,0,0
581838,29-09-20 6:49,54.8952083,11.80034,9,0,263,0,0,0,0,0
581839,29-09-20 6:49,54.8952083,11.80034,9,0,263,0,0,0,0,0
581840,29-09-20 6:49,54.8952083,11.80034,9,0,263,0,0,0,0,0
581841,29-09-20 6:49,54.8952083,11.80034,9,0,263,0,0,0,0,0
581842,29-09-20 6:49,54.8952083,11.80034,9,0,263,0,0,0,0,0
581843,29-09-20 6:49,54.8952083,11.80034,9,0,263,0,0,0,0,0
581844,29-09-20 6:49,54.8952083,11.80034,9,0,263,0,0,0,0,0
581845,29-09-20 6:49,54.8952083,11.80034,9,0,263,0,0,0,0,0
581846,29-09-20 6:49,54.8952083,11.80034,9,0,263,0,0,0,0,0
581848,29-09-20 6:49,54.8952083,11.80034,9,0,263,0,0,0,0,0
581849,29-09-20 6:49,54.8952083,11.80034,9,0,263,0,0,0,0,0
581850,29-09-20 6:49,54.8952083,11.80034,9,0,263,0,0,0,0,0
581851,29-09-20 6:49,54.8952083,11.80034,9,0,263,0,0,0,0,0
581852,29-09-20 6:49,54.8952083,11.80034,9,0,263,0,0,0,0,0
581853,29-09-20 6:49,54.8952083,11.80034,9,0,263,0,0,0,0,0
581854,29-09-20 6:49,54.8952083,11.80034,9,0,263,0,0,0,0,0
581855,29-09-20 6:49,54.8952083,11.80034,9,0,263,0,0,0,0,0
581856,29-09-20 6:49,54.8952083,11.80034,9,0,263,0,0,0,0,0
581857,29-09-20 6:49,54.8952083,11.80034,9,0,263,0,0,0,0,0
581858,29-09-20 6:49,54.8952083,11.80034,9,0,263,0,0,0,0,0
581859,29-09-20 6:49,54.8952083,11.80034,9,0,263,0,0,0,0,0
581860,29-09-20 6:49,54.8952083,11.80034,9,0,263,0,0,0,0,0
581861,29-09-20 6:49,54.8952083,11.80034,9,0,263,0,0,0,0,0
581862,29-09-20 6:49,54.8952083,11.80034,9,0,263,0,0,0,0,0
581863,29-09-20 6:49,54.8952083,11.80034,9,0,263,0,0,0,0,0
581864,29-09-20 6:49,54.8952083,11.80034,9,0,263,0,0,0,0,0
581865,29-09-20 6:49,54.8952083,11.80034,9,0,263,0,0,0,0,0
581866,29-09-20 6:49,54.8952083,11.80034,9,0,263,0,0,0,0,0
581867,29-09-20 6:49,54.8952083,11.80034,9,0,263,0,0,0,0,0
581868,29-09-20 6:49,54.8952083,11.80034,9,0,263,0,0,0,0,0
581869,29-09-20 6:49,54.8952083,11.80034,9,0,263,0,0,0,0,0
581870,29-09-20 6:49,54.8952083,11.80034,9,0,263,0,0,0,0,0
581871,29-09-20 6:49,54.8952083,11.80034,9,0,263,0,0,0,0,0
581872,29-09-20 6:49,54.8952083,11.80034,9,0,263,0,0,0,0,0
581873,29-09-20 6:49,54.8952083,11.80034,9,0,263,0,0,0,0,0
581874,29-09-20 6:49,54.8952083,11.80034,9,0,263,0,0,0,0,0
581875,29-09-20 6:49,54.8952083,11.80034,9,0,263,0,0,0,0,0
581876,29-09-20 6:49,54.8952083,11.80034,9,0,263,0,0,0,0,0
581877,29-09-20 6:49,54.8952083,11.80034,9,0,263,0,0,0,0,0
581878,29-09-20 6:49,54.8952083,11.80034,9,0,263,0,0,0,0,0
581879,29-09-20 6:49,54.8952083,11.80034,9,0,263,0,0,0,0,0
581880,29-09-20 6:50,54.8952083,11.80034,9,0,263,0,0,0,0,0
581881,29-09-20 6:50,54.8952,11.8001716,9,0,225,0,0,0,-8.3E-06,-0.0001684
581882,29-09-20 6:50,54.8951949,11.8001666,9,0,225,0,0,0,-5.1E-06,-5E-06
581883,29-09-20 6:50,54.8951883,11.800165,9,0,137,0,0,0,-6.6E-06,-1.6E-06
581884,29-09-20 6:50,54.8951816,11.8001616,9,0,149,0,0,0,-6.7E-06,-3.4E-06
581885,29-09-20 6:50,54.8951816,11.8001616,9,0,149,0,0,0,0,0
581886,29-09-20 6:50,54.8951816,11.8001616,9,0,149,0,0,0,0,0
581887,29-09-20 6:50,54.8951816,11.8001616,9,0,149,0,0,0,0,0
581888,29-09-20 6:50,54.8951816,11.8001616,9,0,149,0,0,0,0,0
581889,29-09-20 6:50,54.8951816,11.8001616,9,0,149,0,0,0,0,0
581890,29-09-20 6:50,54.8951816,11.8001616,9,0,149,0,0,0,0,0
581891,29-09-20 6:50,54.8951816,11.8001616,9,0,149,0,0,0,0,0
581892,29-09-20 6:50,54.8951816,11.8001616,9,0,149,0,0,0,0,0
581893,29-09-20 6:50,54.8951816,11.8001616,9,0,149,0,0,0,0,0
581894,29-09-20 6:50,54.8951816,11.8001616,9,0,149,0,0,0,0,0
581895,29-09-20 6:50,54.8951816,11.8001616,9,0,149,0,0,0,0,0
581896,29-09-20 6:50,54.8951816,11.8001616,9,0,149,0,0,0,0,0
581897,29-09-20 6:50,54.8951816,11.8001616,9,0,149,0,0,0,0,0
581898,29-09-20 6:50,54.8951816,11.8001616,9,0,149,0,0,0,0,0
581899,29-09-20 6:50,54.8951816,11.8001616,9,0,149,0,0,0,0,0
581900,29-09-20 6:50,54.8951816,11.8001616,9,0,149,0,0,0,0,0
581901,29-09-20 6:50,54.8951816,11.8001616,9,0,149,0,0,0,0,0
581902,29-09-20 6:50,54.8951816,11.8001616,9,0,149,0,0,0,0,0
581903,29-09-20 6:50,54.8951816,11.8001616,9,0,149,0,0,0,0,0
581904,29-09-20 6:50,54.8951816,11.8001616,9,0,149,0,0,0,0,0
581905,29-09-20 6:50,54.8951816,11.8001616,9,0,149,0,0,0,0,0
581906,29-09-20 6:50,54.8951816,11.8001616,9,0,149,0,0,0,0,0
581907,29-09-20 6:50,54.8951816,11.8001616,9,0,149,0,0,0,0,0
581908,29-09-20 6:50,54.8951816,11.8001616,9,0,149,0,0,0,0,0
581909,29-09-20 6:50,54.8951816,11.8001616,9,0,149,0,0,0,0,0
581910,29-09-20 6:50,54.8951816,11.8001616,9,0,149,0,0,0,0,0
581911,29-09-20 6:50,54.8951816,11.8001616,9,0,149,0,0,0,0,0
581912,29-09-20 6:50,54.8951816,11.8001616,9,0,149,0,0,0,0,0
581913,29-09-20 6:50,54.8951816,11.8001616,9,0,149,0,0,0,0,0
581914,29-09-20 6:50,54.8951816,11.8001616,9,0,149,0,0,0,0,0
581915,29-09-20 6:50,54.8951816,11.8001616,9,0,149,0,0,0,0,0
581916,29-09-20 6:50,54.8951816,11.8001616,9,0,149,0,0,0,0,0
581917,29-09-20 6:50,54.8951816,11.8001616,9,0,149,0,0,0,0,0
581918,29-09-20 6:50,54.8951816,11.8001616,9,0,149,0,0,0,0,0
581919,29-09-20 6:50,54.8951816,11.8001616,9,0,149,0,0,0,0,0
581920,29-09-20 6:50,54.8951816,11.8001616,9,0,149,0,0,0,0,0
581921,29-09-20 6:50,54.8951816,11.8001616,9,0,149,0,0,0,0,0
581922,29-09-20 6:50,54.8951816,11.8001616,9,0,149,0,0,0,0,0
581923,29-09-20 6:50,54.8951816,11.8001616,9,0,149,0,0,0,0,0
581924,29-09-20 6:50,54.8951816,11.8001616,9,0,149,0,0,0,0,0
581925,29-09-20 6:50,54.8951816,11.8001616,9,0,149,0,0,0,0,0
581926,29-09-20 6:50,54.8951816,11.8001616,9,0,149,0,0,0,0,0
581927,29-09-20 6:50,54.8951816,11.8001616,9,0,149,0,0,0,0,0
581928,29-09-20 6:50,54.8951816,11.8001616,9,0,149,0,0,0,0,0
581929,29-09-20 6:50,54.8951816,11.8001616,9,0,149,0,0,0,0,0
581930,29-09-20 6:50,54.8951816,11.8001616,9,0,149,0,0,0,0,0
581931,29-09-20 6:50,54.8951816,11.8001616,9,0,149,0,0,0,0,0
581932,29-09-20 6:50,54.8951816,11.8001616,9,0,149,0,0,0,0,0
581933,29-09-20 6:50,54.89517,11.8001283,11,3.239742,219,0,0.621654426,-2.517752411,-1.16E-05,-3.33E-05
581934,29-09-20 6:50,54.89517,11.8001266,11,2.159828,217,0,0.414559011,-1.724915336,0,-1.7E-06
581935,29-09-20 6:50,54.8951816,11.80013,11,0,232,0,0,0,1.16E-05,3.4E-06
581936,29-09-20 6:50,54.8951783,11.8001333,10,0,212,0,0,0,-3.3E-06,3.3E-06
581937,29-09-20 6:50,54.895175,11.8001283,10,0,222,0,0,0,-3.3E-06,-5E-06
581938,29-09-20 6:50,54.895175,11.8001283,10,0,222,0,0,0,0,0
581939,29-09-20 6:50,54.895175,11.8001283,10,0,222,0,0,0,0,0
581940,29-09-20 6:51,54.895175,11.8001283,10,0,222,0,0,0,0,0
581941,29-09-20 6:51,54.895175,11.8001283,10,0,222,0,0,0,0,0
581942,29-09-20 6:51,54.895175,11.8001283,10,0,222,0,0,0,0,0
581943,29-09-20 6:51,54.895175,11.8001283,10,0,222,0,0,0,0,0
581944,29-09-20 6:51,54.895175,11.8001283,10,0,222,0,0,0,0,0
581945,29-09-20 6:51,54.895175,11.8001283,10,0,222,0,0,0,0,0
581946,29-09-20 6:51,54.895175,11.8001283,10,0,222,0,0,0,0,0
581947,29-09-20 6:51,54.895175,11.8001283,10,0,222,0,0,0,0,0
581948,29-09-20 6:51,54.895175,11.8001283,10,0,222,0,0,0,0,0
581949,29-09-20 6:51,54.895175,11.8001283,10,0,222,0,0,0,0,0
581950,29-09-20 6:51,54.895175,11.8001283,10,0,222,0,0,0,0,0
581951,29-09-20 6:51,54.895175,11.8001283,10,0,222,0,0,0,0,0
581952,29-09-20 6:51,54.895175,11.8001283,10,0,222,0,0,0,0,0
581953,29-09-20 6:51,54.895175,11.8001283,10,0,222,0,0,0,0,0
581954,29-09-20 6:51,54.895175,11.8001283,10,0,222,0,0,0,0,0
581955,29-09-20 6:51,54.895175,11.8001283,10,0,222,0,0,0,0,0
581956,29-09-20 6:51,54.895175,11.8001283,10,0,222,0,0,0,0,0
581957,29-09-20 6:51,54.895175,11.8001283,10,0,222,0,0,0,0,0
581958,29-09-20 6:51,54.895175,11.8001283,10,0,222,0,0,0,0,0
581959,29-09-20 6:51,54.895175,11.8001283,10,0,222,0,0,0,0,0
581960,29-09-20 6:51,54.895175,11.8001283,10,0,222,0,0,0,0,0
581961,29-09-20 6:51,54.895175,11.8001283,10,0,222,0,0,0,0,0
581962,29-09-20 6:51,54.895175,11.8001283,10,0,222,0,0,0,0,0
581963,29-09-20 6:51,54.895175,11.8001283,10,0,222,0,0,0,0,0
581964,29-09-20 6:51,54.895175,11.8001283,10,0,222,0,0,0,0,0
581965,29-09-20 6:51,54.895175,11.8001283,10,0,222,0,0,0,0,0
581966,29-09-20 6:51,54.895175,11.8001283,10,0,222,0,0,0,0,0
581967,29-09-20 6:51,54.895175,11.8001283,10,0,222,0,0,0,0,0
581968,29-09-20 6:51,54.895175,11.8001283,10,0,222,0,0,0,0,0
581969,29-09-20 6:51,54.895175,11.8001283,10,0,222,0,0,0,0,0
581970,29-09-20 6:51,54.895175,11.8001283,10,0,222,0,0,0,0,0
581971,29-09-20 6:51,54.895175,11.8001283,10,0,222,0,0,0,0,0
581972,29-09-20 6:51,54.895175,11.8001283,10,0,222,0,0,0,0,0
581973,29-09-20 6:51,54.895175,11.8001283,10,0,222,0,0,0,0,0
581974,29-09-20 6:51,54.895175,11.8001283,10,0,222,0,0,0,0,0
581975,29-09-20 6:51,54.895175,11.8001283,10,0,222,0,0,0,0,0
581976,29-09-20 6:51,54.895175,11.8001283,10,0,222,0,0,0,0,0
581977,29-09-20 6:51,54.895175,11.8001283,10,0,222,0,0,0,0,0
581979,29-09-20 6:51,54.895175,11.8001283,10,0,222,0,0,0,0,0
581980,29-09-20 6:51,54.895175,11.8001283,10,0,222,0,0,0,0,0
581981,29-09-20 6:51,54.895175,11.8001283,10,0,222,0,0,0,0,0
581982,29-09-20 6:51,54.895175,11.8001283,10,0,222,0,0,0,0,0
581983,29-09-20 6:51,54.895175,11.8001283,10,0,222,0,0,0,0,0
581984,29-09-20 6:51,54.895175,11.8001283,10,0,222,0,0,0,0,0
581985,29-09-20 6:51,54.895175,11.8001283,10,0,222,0,0,0,0,0
581986,29-09-20 6:51,54.895175,11.8001283,10,0,222,0,0,0,0,0
581987,29-09-20 6:51,54.895175,11.8001283,10,0,222,0,0,0,0,0
581988,29-09-20 6:51,54.895175,11.8001283,10,0,222,0,0,0,0,0
581989,29-09-20 6:51,54.895175,11.8001283,10,0,222,0,0,0,0,0
581990,29-09-20 6:51,54.8952549,11.8002016,11,0.539957,22,0,0.103662768,0.500639413,7.99E-05,7.33E-05
581991,29-09-20 6:51,54.8952616,11.8001983,11,0,22,0,0,0,6.7E-06,-3.3E-06
581992,29-09-20 6:51,54.895265,11.8001933,11,0,22,0,0,0,3.4E-06,-5E-06
581993,29-09-20 6:51,54.8952616,11.8001983,11,0,22,0,0,0,-3.4E-06,5E-06
581994,29-09-20 6:51,54.8952616,11.8001983,11,0,22,0,0,0,0,0
581995,29-09-20 6:51,54.8952616,11.8001983,11,0,22,0,0,0,0,0
581996,29-09-20 6:51,54.8952616,11.8001983,11,0,22,0,0,0,0,0
581997,29-09-20 6:51,54.8952616,11.8001983,11,0,22,0,0,0,0,0
581998,29-09-20 6:51,54.8952616,11.8001983,11,0,22,0,0,0,0,0
581999,29-09-20 6:51,54.8952616,11.8001983,11,0,22,0,0,0,0,0
582000,29-09-20 6:51,54.8952616,11.8001983,11,0,22,0,0,0,0,0
